entity_id,entity_type,canonical_name,original_name,source_doc_id,method,confidence,evidence
CoQuan_quoc_hoi,CoQuan,Quốc hội,Quốc hội,166170,raw,1.0,Raw metadata value: Quốc hội
NguoiKy_vuong_inh_hue,NguoiKy,Vương Đình Huệ,Vương Đình Huệ,166170,raw,1.0,Raw metadata value: Vương Đình Huệ
LinhVuc_tin_dung,LinhVuc,Tín dụng,Tín dụng,166170,raw,1.0,Raw metadata value: Tín dụng
NguoiKy_nguyen_xuan_phuc,NguoiKy,Nguyễn Xuân Phúc,Nguyễn Xuân Phúc,112025,raw,1.0,Raw metadata value: Nguyễn Xuân Phúc
CoQuan_chinh_phu,CoQuan,Chính phủ,Chính phủ,112025,raw,1.0,Raw metadata value: Chính phủ
LinhVuc_phat_hanh_va_kho_quy,LinhVuc,Phát hành và kho quỹ,Phát hành và kho quỹ,38128,raw,1.0,Raw metadata value: Phát hành và kho quỹ
CoQuan_quoc_hoi,CoQuan,Quốc hội,Quốc hội,26750,raw,1.0,Raw metadata value: Quốc hội
CoQuan_ngan_hang_nha_nuoc_viet_nam,CoQuan,Ngân hàng Nhà nước Việt Nam,Ngân hàng Nhà nước Việt Nam,38128,raw,1.0,Raw metadata value: Ngân hàng Nhà nước Việt Nam
NguoiKy_ao_minh_tu,NguoiKy,Đào Minh Tú,Đào Minh Tú,38128,raw,1.0,Raw metadata value: Đào Minh Tú
NguoiKy_le_minh_khai,NguoiKy,Lê Minh Khái,Lê Minh Khái,163441,raw,1.0,Raw metadata value: Lê Minh Khái
CoQuan_chinh_phu,CoQuan,Chính phủ,Chính phủ,146468,raw,1.0,Raw metadata value: Chính phủ
LinhVuc_chung_khoan,LinhVuc,Chứng khoán,Chứng khoán,146468,raw,1.0,Raw metadata value: Chứng khoán
NguoiKy_nguyen_xuan_phuc,NguoiKy,Nguyễn Xuân Phúc,Nguyễn Xuân Phúc,146468,raw,1.0,Raw metadata value: Nguyễn Xuân Phúc
CoQuan_chinh_phu,CoQuan,Chính phủ,Chính phủ,163441,raw,1.0,Raw metadata value: Chính phủ
LinhVuc_bao_hiem,LinhVuc,Bảo hiểm,Bảo hiểm,163441,raw,1.0,Raw metadata value: Bảo hiểm
NguoiKy_nguyen_phu_trong,NguoiKy,Nguyễn Phú Trọng,Nguyễn Phú Trọng,26750,raw,1.0,Raw metadata value: Nguyễn Phú Trọng
NguoiKy_tran_xuan_ha,NguoiKy,Trần Xuân Hà,Trần Xuân Hà,30402,raw,1.0,Raw metadata value: Trần Xuân Hà
NguoiKy_nguyen_uc_chi,NguoiKy,Nguyễn Đức Chi,Nguyễn Đức Chi,f69936f0-6937-11f1-a48d-29bc6b0fd706,raw,1.0,Raw metadata value: Nguyễn Đức Chi
CoQuan_bo_tai_chinh,CoQuan,Bộ Tài chính,Bộ Tài chính,f69936f0-6937-11f1-a48d-29bc6b0fd706,raw,1.0,Raw metadata value: Bộ Tài chính
CoQuan_bo_tai_chinh,CoQuan,Bộ Tài chính,Bộ Tài chính,30402,raw,1.0,Raw metadata value: Bộ Tài chính
NguoiKy_oan_thai_son,NguoiKy,Đoàn Thái Sơn,Đoàn Thái Sơn,173460,raw,1.0,Raw metadata value: Đoàn Thái Sơn
LinhVuc_quan_ly_dich_vu_tai_chinh_va_cac_qu,LinhVuc,Quản lý dịch vụ tài chính và các quỹ tài chính,Quản lý dịch vụ tài chính và các quỹ tài chính,30402,raw,1.0,Raw metadata value: Quản lý dịch vụ tài chính và các quỹ tài chính
CoQuan_ngan_hang_nha_nuoc_viet_nam,CoQuan,Ngân hàng Nhà nước Việt Nam,Ngân hàng Nhà nước Việt Nam,173460,raw,1.0,Raw metadata value: Ngân hàng Nhà nước Việt Nam
LinhVuc_quan_ly_ngoai_hoi,LinhVuc,Quản lý ngoại hối,Quản lý ngoại hối,169221,raw,1.0,Raw metadata value: Quản lý ngoại hối
NguoiKy_nguyen_tan_dung,NguoiKy,Nguyễn Tấn Dũng,Nguyễn Tấn Dũng,95652,raw,1.0,Raw metadata value: Nguyễn Tấn Dũng
NguoiKy_pham_thanh_ha,NguoiKy,Phạm Thanh Hà,Phạm Thanh Hà,169221,raw,1.0,Raw metadata value: Phạm Thanh Hà
CoQuan_ngan_hang_nha_nuoc_viet_nam,CoQuan,Ngân hàng Nhà nước Việt Nam,Ngân hàng Nhà nước Việt Nam,169221,raw,1.0,Raw metadata value: Ngân hàng Nhà nước Việt Nam
CoQuan_chinh_phu,CoQuan,Chính phủ,Chính phủ,95652,raw,1.0,Raw metadata value: Chính phủ
CoQuan_chinh_phu,CoQuan,Chính phủ,Chính phủ,133858,raw,1.0,Raw metadata value: Chính phủ
NguoiKy_nguyen_xuan_phuc,NguoiKy,Nguyễn Xuân Phúc,Nguyễn Xuân Phúc,133858,raw,1.0,Raw metadata value: Nguyễn Xuân Phúc
LinhVuc_thanh_tra_giam_sat_ngan_hang,LinhVuc,"Thanh tra, giám sát ngân hàng","Thanh tra, giám sát ngân hàng",168220,raw,1.0,"Raw metadata value: Thanh tra, giám sát ngân hàng"
NguoiKy_ao_minh_tu,NguoiKy,Đào Minh Tú,Đào Minh Tú,168220,raw,1.0,Raw metadata value: Đào Minh Tú
CoQuan_ngan_hang_nha_nuoc_viet_nam,CoQuan,Ngân hàng Nhà nước Việt Nam,Ngân hàng Nhà nước Việt Nam,168220,raw,1.0,Raw metadata value: Ngân hàng Nhà nước Việt Nam
CoQuan_bo_tai_chinh,CoQuan,Bộ Tài chính,Bộ Tài chính,150974,raw,1.0,Raw metadata value: Bộ Tài chính
CoQuan_ngan_hang_nha_nuoc_viet_nam,CoQuan,Ngân hàng Nhà nước Việt Nam,Ngân hàng Nhà nước Việt Nam,185630,raw,1.0,Raw metadata value: Ngân hàng Nhà nước Việt Nam
LinhVuc_lao_ong_tien_luong_tien_cong,LinhVuc,"Lao động, tiền lương, tiền công","Lao động, tiền lương, tiền công",185630,raw,1.0,"Raw metadata value: Lao động, tiền lương, tiền công"
CoQuan_quoc_hoi,CoQuan,Quốc hội,Quốc hội,166269,raw,1.0,Raw metadata value: Quốc hội
NguoiKy_vuong_inh_hue,NguoiKy,Vương Đình Huệ,Vương Đình Huệ,166269,raw,1.0,Raw metadata value: Vương Đình Huệ
LinhVuc_thanh_tra_giam_sat_ngan_hang,LinhVuc,"Thanh tra, giám sát ngân hàng","Thanh tra, giám sát ngân hàng",117310,raw,1.0,"Raw metadata value: Thanh tra, giám sát ngân hàng"
NguoiKy_nguyen_ong_tien,NguoiKy,Nguyễn Đồng Tiến,Nguyễn Đồng Tiến,117310,raw,1.0,Raw metadata value: Nguyễn Đồng Tiến
CoQuan_ngan_hang_nha_nuoc_viet_nam,CoQuan,Ngân hàng Nhà nước Việt Nam,Ngân hàng Nhà nước Việt Nam,117310,raw,1.0,Raw metadata value: Ngân hàng Nhà nước Việt Nam
NguoiKy_ao_minh_tu,NguoiKy,Đào Minh Tú,Đào Minh Tú,44209,raw,1.0,Raw metadata value: Đào Minh Tú
LinhVuc_phat_hanh_va_kho_quy,LinhVuc,Phát hành và kho quỹ,Phát hành và kho quỹ,44209,raw,1.0,Raw metadata value: Phát hành và kho quỹ
NguoiKy_nguyen_phu_trong,NguoiKy,Nguyễn Phú Trọng,Nguyễn Phú Trọng,25692,raw,1.0,Raw metadata value: Nguyễn Phú Trọng
CoQuan_quoc_hoi,CoQuan,Quốc hội,Quốc hội,25692,raw,1.0,Raw metadata value: Quốc hội
LinhVuc_cuc_an_toan_he_thong_cac_to_chuc_ti,LinhVuc,Cục An toàn hệ thống các tổ chức tín dụng,Cục An toàn hệ thống các tổ chức tín dụng,177271,raw,1.0,Raw metadata value: Cục An toàn hệ thống các tổ chức tín dụng
CoQuan_ngan_hang_nha_nuoc_viet_nam,CoQuan,Ngân hàng Nhà nước Việt Nam,Ngân hàng Nhà nước Việt Nam,44209,raw,1.0,Raw metadata value: Ngân hàng Nhà nước Việt Nam
CoQuan_ngan_hang_nha_nuoc_viet_nam,CoQuan,Ngân hàng Nhà nước Việt Nam,Ngân hàng Nhà nước Việt Nam,177271,raw,1.0,Raw metadata value: Ngân hàng Nhà nước Việt Nam
NguoiKy_oan_thai_son,NguoiKy,Đoàn Thái Sơn,Đoàn Thái Sơn,177271,raw,1.0,Raw metadata value: Đoàn Thái Sơn
NguoiKy_oan_thai_son,NguoiKy,Đoàn Thái Sơn,Đoàn Thái Sơn,185630,raw,1.0,Raw metadata value: Đoàn Thái Sơn
CoQuan_ngan_hang_nha_nuoc_viet_nam,CoQuan,Ngân hàng Nhà nước Việt Nam,Ngân hàng Nhà nước Việt Nam,164719,raw,1.0,Raw metadata value: Ngân hàng Nhà nước Việt Nam
LinhVuc_ke_toan_kiem_toan,LinhVuc,"Kế toán, kiểm toán","Kế toán, kiểm toán",150974,raw,1.0,"Raw metadata value: Kế toán, kiểm toán"
NguoiKy_ta_anh_tuan,NguoiKy,Tạ Anh Tuấn,Tạ Anh Tuấn,150974,raw,1.0,Raw metadata value: Tạ Anh Tuấn
CoQuan_ngan_hang_nha_nuoc_viet_nam,CoQuan,Ngân hàng Nhà nước Việt Nam,Ngân hàng Nhà nước Việt Nam,173695,raw,1.0,Raw metadata value: Ngân hàng Nhà nước Việt Nam
NguoiKy_oan_thai_son,NguoiKy,Đoàn Thái Sơn,Đoàn Thái Sơn,173695,raw,1.0,Raw metadata value: Đoàn Thái Sơn
LinhVuc_thanh_tra_giam_sat_ngan_hang,LinhVuc,"Thanh tra, giám sát ngân hàng","Thanh tra, giám sát ngân hàng",164719,raw,1.0,"Raw metadata value: Thanh tra, giám sát ngân hàng"
NguoiKy_oan_thai_son,NguoiKy,Đoàn Thái Sơn,Đoàn Thái Sơn,164719,raw,1.0,Raw metadata value: Đoàn Thái Sơn
LinhVuc_thanh_tra_giam_sat_ngan_hang,LinhVuc,"Thanh tra, giám sát ngân hàng","Thanh tra, giám sát ngân hàng",173695,raw,1.0,"Raw metadata value: Thanh tra, giám sát ngân hàng"
LinhVuc_thanh_tra_giam_sat_ngan_hang,LinhVuc,"Thanh tra, giám sát ngân hàng","Thanh tra, giám sát ngân hàng",168859,raw,1.0,"Raw metadata value: Thanh tra, giám sát ngân hàng"
NguoiKy_ao_minh_tu,NguoiKy,Đào Minh Tú,Đào Minh Tú,168859,raw,1.0,Raw metadata value: Đào Minh Tú
CoQuan_ngan_hang_nha_nuoc_viet_nam,CoQuan,Ngân hàng Nhà nước Việt Nam,Ngân hàng Nhà nước Việt Nam,168859,raw,1.0,Raw metadata value: Ngân hàng Nhà nước Việt Nam
CoQuan_bo_tai_chinh,CoQuan,Bộ Tài chính,Bộ Tài chính,143217,raw,1.0,Raw metadata value: Bộ Tài chính
NguoiKy_tran_minh_tuan,NguoiKy,Trần Minh Tuấn,Trần Minh Tuấn,27257,raw,1.0,Raw metadata value: Trần Minh Tuấn
CoQuan_ngan_hang_nha_nuoc_viet_nam,CoQuan,Ngân hàng Nhà nước Việt Nam,Ngân hàng Nhà nước Việt Nam,27257,raw,1.0,Raw metadata value: Ngân hàng Nhà nước Việt Nam
LinhVuc_thanh_tra_giam_sat_ngan_hang,LinhVuc,"Thanh tra, giám sát ngân hàng","Thanh tra, giám sát ngân hàng",173460,raw,1.0,"Raw metadata value: Thanh tra, giám sát ngân hàng"
NguoiKy_oan_thai_son,NguoiKy,Đoàn Thái Sơn,Đoàn Thái Sơn,174218,raw,1.0,Raw metadata value: Đoàn Thái Sơn
LinhVuc_thanh_tra_giam_sat_ngan_hang,LinhVuc,"Thanh tra, giám sát ngân hàng","Thanh tra, giám sát ngân hàng",174218,raw,1.0,"Raw metadata value: Thanh tra, giám sát ngân hàng"
CoQuan_ngan_hang_nha_nuoc_viet_nam,CoQuan,Ngân hàng Nhà nước Việt Nam,Ngân hàng Nhà nước Việt Nam,174218,raw,1.0,Raw metadata value: Ngân hàng Nhà nước Việt Nam
NguoiKy_oan_thai_son,NguoiKy,Đoàn Thái Sơn,Đoàn Thái Sơn,186888,raw,1.0,Raw metadata value: Đoàn Thái Sơn
LinhVuc_cuc_an_toan_he_thong_cac_to_chuc_ti,LinhVuc,Cục An toàn hệ thống các tổ chức tín dụng,Cục An toàn hệ thống các tổ chức tín dụng,186888,raw,1.0,Raw metadata value: Cục An toàn hệ thống các tổ chức tín dụng
NguoiKy_oan_thai_son,NguoiKy,Đoàn Thái Sơn,Đoàn Thái Sơn,6e689cd0-6f81-11f1-94d6-fd5d6d5ff793,raw,1.0,Raw metadata value: Đoàn Thái Sơn
CoQuan_ngan_hang_nha_nuoc_viet_nam,CoQuan,Ngân hàng Nhà nước Việt Nam,Ngân hàng Nhà nước Việt Nam,6e689cd0-6f81-11f1-94d6-fd5d6d5ff793,raw,1.0,Raw metadata value: Ngân hàng Nhà nước Việt Nam
CoQuan_ngan_hang_nha_nuoc_viet_nam,CoQuan,Ngân hàng Nhà nước Việt Nam,Ngân hàng Nhà nước Việt Nam,186888,raw,1.0,Raw metadata value: Ngân hàng Nhà nước Việt Nam
CoQuan_bo_tai_chinh,CoQuan,Bộ Tài chính,Bộ Tài chính,112924,raw,1.0,Raw metadata value: Bộ Tài chính
CoQuan_ngan_hang_nha_nuoc_viet_nam,CoQuan,Ngân hàng Nhà nước Việt Nam,Ngân hàng Nhà nước Việt Nam,186482,raw,1.0,Raw metadata value: Ngân hàng Nhà nước Việt Nam
LinhVuc_cuc_an_toan_he_thong_cac_to_chuc_ti,LinhVuc,Cục An toàn hệ thống các tổ chức tín dụng,Cục An toàn hệ thống các tổ chức tín dụng,186482,raw,1.0,Raw metadata value: Cục An toàn hệ thống các tổ chức tín dụng
NguoiKy_tran_xuan_ha,NguoiKy,Trần Xuân Hà,Trần Xuân Hà,112924,raw,1.0,Raw metadata value: Trần Xuân Hà
NguoiKy_oan_thai_son,NguoiKy,Đoàn Thái Sơn,Đoàn Thái Sơn,186482,raw,1.0,Raw metadata value: Đoàn Thái Sơn
DoiTuongApDung_van_phong_ai_dien_to_chuc_tin_dung_,DoiTuongApDung,Văn phòng đại diện tổ chức tín dụng nước ngoài,Văn phòng đại diện tổ chức tín dụng nước ngoài,6e689cd0-6f81-11f1-94d6-fd5d6d5ff793,rules_fallback,0.9,"CỘNG HÒA XÃ HỘI CHỦ NGHĨA VIỆT NAM
Độc lập - Tự do - Hạnh phúc
CỘNG HÒA XÃ HỘI CHỦ NGHĨA VIỆT NAM
Độc lập - Tự do - Hạnh phúc
CỘNG HÒA XÃ HỘI CHỦ NGHĨA VIỆT NAM
Độc lập - Tự do - Hạnh phúc
THÔNG TƯ
Quy định hồ sơ, thủ tục cấp Giấy phép lần đầu của ngân hàng thương mại, chi nhánh ngân hàng nước ngoài, văn phòng đại diện nước ngoài
Thông tư số 56/2024/TT-NHNN ngày 24 tháng 12 năm 2024 của Thống đốc Ngân hàng Nhà nước Việt Nam quy định hồ sơ, thủ tục cấp Giấy phép lần đầu của ngân hàng thương mại, chi nhánh ngân hàng nước ngoài, văn phòng đại diện nước ngoài, có hiệu lực kể từ ngày 24 tháng 12 năm 2024 được sửa đổi, bổ sung bởi:
1."
DoiTuongApDung_to_chuc_tin_dung,DoiTuongApDung,Tổ chức tín dụng,Tổ chức tín dụng,38128,rules_fallback,0.9,"NGÂN HÀNG NHÀ NƯỚC VIỆT NAM
CỘNG HÒA XÃ HỘI CHỦ NGHĨA VIỆT NAM
Độc lập – Tự do – Hạnh phúc
Số: 37/2014/TT-NHNN
Hà Nội, Ngày 26 tháng 11 năm 2014
THÔNG TƯ
Q
uy định việc thiết kế mẫu tiền, chế bản và quản lý in, đúc tiền Việt Nam
____________________
Căn cứ Luật Ngân hàng Nhà nước Việt Nam số
46/2010/QH12
;
Căn cứ Nghị định số
156/2013/NĐ-CP
ngày 11/11/2013 của Chính phủ quy định chức năng, nhiệm vụ, quyền hạn và cơ cấu tổ chức của Ngân hàng Nhà nước Việt Nam;
Căn cứ Nghị định số
40/2012/NĐ-CP
ngày 02/5/2012 của Chính phủ về nghiệp vụ phát hành tiền; bảo quản, vận chuyển tài sản quý và giấy tờ có giá trong hệ thống Ngân hàng Nhà nước, tổ chức tín dụng và chi nhánh ngân hàng nước ngoài;
Theo đề nghị của Cục trưởng Cục Phát hành và Kho quỹ;
Thống đốc Ngân hàng Nhà nước Việt Nam ban hành Thông tư quy định việc thiết kế mẫu tiền, chế bản và quản lý in, đúc tiền Việt Nam."
DoiTuongApDung_chi_nhanh_ngan_hang_nuoc_ngoai,DoiTuongApDung,Chi nhánh ngân hàng nước ngoài,Chi nhánh ngân hàng nước ngoài,38128,rules_fallback,0.9,"NGÂN HÀNG NHÀ NƯỚC VIỆT NAM
CỘNG HÒA XÃ HỘI CHỦ NGHĨA VIỆT NAM
Độc lập – Tự do – Hạnh phúc
Số: 37/2014/TT-NHNN
Hà Nội, Ngày 26 tháng 11 năm 2014
THÔNG TƯ
Q
uy định việc thiết kế mẫu tiền, chế bản và quản lý in, đúc tiền Việt Nam
____________________
Căn cứ Luật Ngân hàng Nhà nước Việt Nam số
46/2010/QH12
;
Căn cứ Nghị định số
156/2013/NĐ-CP
ngày 11/11/2013 của Chính phủ quy định chức năng, nhiệm vụ, quyền hạn và cơ cấu tổ chức của Ngân hàng Nhà nước Việt Nam;
Căn cứ Nghị định số
40/2012/NĐ-CP
ngày 02/5/2012 của Chính phủ về nghiệp vụ phát hành tiền; bảo quản, vận chuyển tài sản quý và giấy tờ có giá trong hệ thống Ngân hàng Nhà nước, tổ chức tín dụng và chi nhánh ngân hàng nước ngoài;
Theo đề nghị của Cục trưởng Cục Phát hành và Kho quỹ;
Thống đốc Ngân hàng Nhà nước Việt Nam ban hành Thông tư quy định việc thiết kế mẫu tiền, chế bản và quản lý in, đúc tiền Việt Nam."
LinhVuc_bao_hiem,LinhVuc,Bảo hiểm,Bảo hiểm,112025,rules_fallback,0.9,Chứa từ khóa 'bảo hiểm'
DoiTuongApDung_van_phong_ai_dien_to_chuc_tin_dung_,DoiTuongApDung,Văn phòng đại diện tổ chức tín dụng nước ngoài,Văn phòng đại diện tổ chức tín dụng nước ngoài,146468,rules_fallback,0.9,"Tổ chức quy định tại khoản 1 Điều này bao gồm:
a) Công ty đại chúng;
b) Doanh nghiệp nhà nước, công ty trách nhiệm hữu hạn một thành viên do doanh nghiệp nhà nước nắm giữ 100% vốn điều lệ, đơn vị sự nghiệp công lập cổ phần hóa dưới hình thức chào bán chứng khoán ra công chúng;
c) Tổ chức phát hành;
d) Tổ chức niêm yết, tổ chức đăng ký giao dịch; tổ chức tư vấn niêm yết, đăng ký giao dịch;
đ) Tổ chức kiểm toán được chấp thuận;
e) Tổ chức tư vấn chào bán, phát hành, tổ chức bảo lãnh phát hành; tổ chức đấu thầu, đại lý phát hành;
g) Công ty chứng khoán, công ty quản lý quỹ đầu tư chứng khoán, chi nhánh, văn phòng đại diện công ty chứng khoán, công ty quản lý quỹ nước ngoài tại Việt Nam, công ty đầu tư chứng khoán;
h) Sở giao dịch chứng khoán Việt Nam và công ty con, Tổng công ty lưu ký và bù trừ chứng khoán Việt Nam;
i) Cổ đông, nhà đầu tư là tổ chức;
k) Ngân hàng thương mại, chi nhánh ngân hàng nước ngoài tại Việt Nam thực hiện hoạt động lưu ký, bù trừ, thanh toán giao dịch chứng khoán; ngân hàng giám sát;
l) Tổ chức xã hội - nghề nghiệp về chứng khoán;
m) Các tổ chức khác hoạt động trên thị trường chứng khoán hoặc có liên quan đến hoạt động về chứng khoán và thị trường chứng khoán."
DoiTuongApDung_ngan_hang_thuong_mai,DoiTuongApDung,Ngân hàng thương mại,Ngân hàng thương mại,146468,rules_fallback,0.9,"Tổ chức quy định tại khoản 1 Điều này bao gồm:
a) Công ty đại chúng;
b) Doanh nghiệp nhà nước, công ty trách nhiệm hữu hạn một thành viên do doanh nghiệp nhà nước nắm giữ 100% vốn điều lệ, đơn vị sự nghiệp công lập cổ phần hóa dưới hình thức chào bán chứng khoán ra công chúng;
c) Tổ chức phát hành;
d) Tổ chức niêm yết, tổ chức đăng ký giao dịch; tổ chức tư vấn niêm yết, đăng ký giao dịch;
đ) Tổ chức kiểm toán được chấp thuận;
e) Tổ chức tư vấn chào bán, phát hành, tổ chức bảo lãnh phát hành; tổ chức đấu thầu, đại lý phát hành;
g) Công ty chứng khoán, công ty quản lý quỹ đầu tư chứng khoán, chi nhánh, văn phòng đại diện công ty chứng khoán, công ty quản lý quỹ nước ngoài tại Việt Nam, công ty đầu tư chứng khoán;
h) Sở giao dịch chứng khoán Việt Nam và công ty con, Tổng công ty lưu ký và bù trừ chứng khoán Việt Nam;
i) Cổ đông, nhà đầu tư là tổ chức;
k) Ngân hàng thương mại, chi nhánh ngân hàng nước ngoài tại Việt Nam thực hiện hoạt động lưu ký, bù trừ, thanh toán giao dịch chứng khoán; ngân hàng giám sát;
l) Tổ chức xã hội - nghề nghiệp về chứng khoán;
m) Các tổ chức khác hoạt động trên thị trường chứng khoán hoặc có liên quan đến hoạt động về chứng khoán và thị trường chứng khoán."
DoiTuongApDung_chi_nhanh_ngan_hang_nuoc_ngoai,DoiTuongApDung,Chi nhánh ngân hàng nước ngoài,Chi nhánh ngân hàng nước ngoài,146468,rules_fallback,0.9,"Tổ chức quy định tại khoản 1 Điều này bao gồm:
a) Công ty đại chúng;
b) Doanh nghiệp nhà nước, công ty trách nhiệm hữu hạn một thành viên do doanh nghiệp nhà nước nắm giữ 100% vốn điều lệ, đơn vị sự nghiệp công lập cổ phần hóa dưới hình thức chào bán chứng khoán ra công chúng;
c) Tổ chức phát hành;
d) Tổ chức niêm yết, tổ chức đăng ký giao dịch; tổ chức tư vấn niêm yết, đăng ký giao dịch;
đ) Tổ chức kiểm toán được chấp thuận;
e) Tổ chức tư vấn chào bán, phát hành, tổ chức bảo lãnh phát hành; tổ chức đấu thầu, đại lý phát hành;
g) Công ty chứng khoán, công ty quản lý quỹ đầu tư chứng khoán, chi nhánh, văn phòng đại diện công ty chứng khoán, công ty quản lý quỹ nước ngoài tại Việt Nam, công ty đầu tư chứng khoán;
h) Sở giao dịch chứng khoán Việt Nam và công ty con, Tổng công ty lưu ký và bù trừ chứng khoán Việt Nam;
i) Cổ đông, nhà đầu tư là tổ chức;
k) Ngân hàng thương mại, chi nhánh ngân hàng nước ngoài tại Việt Nam thực hiện hoạt động lưu ký, bù trừ, thanh toán giao dịch chứng khoán; ngân hàng giám sát;
l) Tổ chức xã hội - nghề nghiệp về chứng khoán;
m) Các tổ chức khác hoạt động trên thị trường chứng khoán hoặc có liên quan đến hoạt động về chứng khoán và thị trường chứng khoán."
DoiTuongApDung_cong_ty_chung_khoan,DoiTuongApDung,Công ty chứng khoán,Công ty chứng khoán,146468,rules_fallback,0.9,"Vi phạm hành chính trong lĩnh vực chứng khoán và thị trường chứng khoán quy định tại Nghị định này bao gồm:
a) Vi phạm quy định về chào bán, phát hành chứng khoán riêng lẻ;
b) Vi phạm quy định về chào bán chứng khoán ra công chúng tại Việt Nam;
c) Vi phạm quy định về phát hành trái phiếu ra thị trường quốc tế, chào bán chứng khoán tại nước ngoài và phát hành chứng khoán mới làm cơ sở chào bán chứng chỉ lưu ký chứng khoán tại nước ngoài hoặc hỗ trợ phát hành chứng chỉ lưu ký chứng khoán tại nước ngoài trên cơ sở cổ phiếu đã phát hành tại Việt Nam;
d) Vi phạm quy định phát hành thêm cổ phiếu;
đ) Vi phạm quy định về công ty đại chúng;
e) Vi phạm quy định về chào mua công khai;
g) Vi phạm quy định về niêm yết chứng khoán, đăng ký giao dịch chứng khoán;
h) Vi phạm quy định về tổ chức thị trường giao dịch chứng khoán;
i) Vi phạm quy định về kinh doanh chứng khoán và hành nghề chứng khoán; vi phạm quy định về giao dịch chứng khoán;
k) Vi phạm quy định về đăng ký, lưu ký, bù trừ và thanh toán chứng khoán, ngân hàng giám sát, ngân hàng lưu ký;
l) Vi phạm quy định công bố thông tin và báo cáo; vi phạm quy định về kiểm toán công ty đại chúng, tổ chức niêm yết, tổ chức thực hiện chào bán chứng khoán ra công chúng, công ty chứng khoán, công ty đầu tư chứng khoán, quỹ và công ty quản lý quỹ đầu tư chứng khoán;
m) Vi phạm quy định về phòng, chống rửa tiền và phòng, chống khủng bố trong lĩnh vực chứng khoán và thị trường chứng khoán;
n) Vi phạm quy định về thanh tra, kiểm tra của cơ quan nhà nước có thẩm quyền;
o) Các vi phạm khác trong lĩnh vực chứng khoán và thị trường chứng khoán được quy định tại Nghị định này."
LinhVuc_bao_hiem,LinhVuc,Bảo hiểm,Bảo hiểm,26750,rules_fallback,0.9,Chứa từ khóa 'bảo hiểm'
DoiTuongApDung_van_phong_ai_dien_to_chuc_tin_dung_,DoiTuongApDung,Văn phòng đại diện tổ chức tín dụng nước ngoài,Văn phòng đại diện tổ chức tín dụng nước ngoài,163441,rules_fallback,0.9,"Chi nhánh doanh nghiệp bảo hiểm phi nhân thọ nước ngoài, chi nhánh doanh nghiệp tái bảo hiểm nước ngoài (sau đây gọi là chi nhánh nước ngoài tại Việt Nam); Văn phòng đại diện của doanh nghiệp bảo hiểm nước ngoài, doanh nghiệp tái bảo hiểm nước ngoài, doanh nghiệp môi giới bảo hiểm nước ngoài, tập đoàn tài chính, bảo hiểm nước ngoài tại Việt Nam (sau đây gọi là văn phòng đại diện nước ngoài tại Việt Nam)."
DoiTuongApDung_cong_ty_quan_ly_quy,DoiTuongApDung,Công ty quản lý quỹ,Công ty quản lý quỹ,146468,rules_fallback,0.9,"Vi phạm hành chính trong lĩnh vực chứng khoán và thị trường chứng khoán quy định tại Nghị định này bao gồm:
a) Vi phạm quy định về chào bán, phát hành chứng khoán riêng lẻ;
b) Vi phạm quy định về chào bán chứng khoán ra công chúng tại Việt Nam;
c) Vi phạm quy định về phát hành trái phiếu ra thị trường quốc tế, chào bán chứng khoán tại nước ngoài và phát hành chứng khoán mới làm cơ sở chào bán chứng chỉ lưu ký chứng khoán tại nước ngoài hoặc hỗ trợ phát hành chứng chỉ lưu ký chứng khoán tại nước ngoài trên cơ sở cổ phiếu đã phát hành tại Việt Nam;
d) Vi phạm quy định phát hành thêm cổ phiếu;
đ) Vi phạm quy định về công ty đại chúng;
e) Vi phạm quy định về chào mua công khai;
g) Vi phạm quy định về niêm yết chứng khoán, đăng ký giao dịch chứng khoán;
h) Vi phạm quy định về tổ chức thị trường giao dịch chứng khoán;
i) Vi phạm quy định về kinh doanh chứng khoán và hành nghề chứng khoán; vi phạm quy định về giao dịch chứng khoán;
k) Vi phạm quy định về đăng ký, lưu ký, bù trừ và thanh toán chứng khoán, ngân hàng giám sát, ngân hàng lưu ký;
l) Vi phạm quy định công bố thông tin và báo cáo; vi phạm quy định về kiểm toán công ty đại chúng, tổ chức niêm yết, tổ chức thực hiện chào bán chứng khoán ra công chúng, công ty chứng khoán, công ty đầu tư chứng khoán, quỹ và công ty quản lý quỹ đầu tư chứng khoán;
m) Vi phạm quy định về phòng, chống rửa tiền và phòng, chống khủng bố trong lĩnh vực chứng khoán và thị trường chứng khoán;
n) Vi phạm quy định về thanh tra, kiểm tra của cơ quan nhà nước có thẩm quyền;
o) Các vi phạm khác trong lĩnh vực chứng khoán và thị trường chứng khoán được quy định tại Nghị định này."
DoiTuongApDung_doanh_nghiep_bao_hiem,DoiTuongApDung,Doanh nghiệp bảo hiểm,Doanh nghiệp bảo hiểm,163441,rules_fallback,0.9,"Doanh nghiệp bảo hiểm phi nhân thọ, doanh nghiệp bảo hiểm nhân thọ, doanh nghiệp bảo hiểm sức khỏe (sau đây gọi là doanh nghiệp bảo hiểm), doanh nghiệp tái bảo hiểm, đại lý bảo hiểm, doanh nghiệp môi giới bảo hiểm, tổ chức, cá nhân cung cấp dịch vụ phụ trợ bảo hiểm, tổ chức tương hỗ cung cấp bảo hiểm vi mô."
DoiTuongApDung_van_phong_ai_dien_to_chuc_tin_dung_,DoiTuongApDung,Văn phòng đại diện tổ chức tín dụng nước ngoài,Văn phòng đại diện tổ chức tín dụng nước ngoài,166170,rules_fallback,0.9,"Phạm vi điều chỉnh
Luật này quy định về việc thành lập, tổ chức, hoạt động, can thiệp sớm, kiểm soát đặc biệt, tổ chức lại, giải thể, phá sản tổ chức tín dụng; việc thành lập, tổ chức, hoạt động, can thiệp sớm, giải thể, chấm dứt hoạt động của chi nhánh ngân hàng nước ngoài; việc thành lập, hoạt động của văn phòng đại diện tại Việt Nam của tổ chức tín dụng nước ngoài, tổ chức nước ngoài khác có hoạt động ngân hàng; việc xử lý nợ xấu, tài sản bảo đảm của khoản nợ xấu của tổ chức tín dụng, chi nhánh ngân hàng nước ngoài, tổ chức mà Nhà nước sở hữu 100% vốn điều lệ có chức năng mua, bán, xử lý nợ."
DoiTuongApDung_to_chuc_tin_dung,DoiTuongApDung,Tổ chức tín dụng,Tổ chức tín dụng,166170,rules_fallback,0.9,"QUỐC HỘI
CỘNG HÒA XÃ HỘI CHỦ NGHĨA VIỆT NAM
Độc lập - Tự do - Hạnh phúc
Luật số: 32/2024/QH15
LUẬT
CÁC TỔ CHỨC TÍN DỤNG
Căn cứ Hiến pháp nước Cộng hòa xã hội chủ nghĩa Việt Nam;
Quốc hội ban hành Luật Các tổ chức tín dụng."
DoiTuongApDung_chi_nhanh_ngan_hang_nuoc_ngoai,DoiTuongApDung,Chi nhánh ngân hàng nước ngoài,Chi nhánh ngân hàng nước ngoài,166170,rules_fallback,0.9,"Phạm vi điều chỉnh
Luật này quy định về việc thành lập, tổ chức, hoạt động, can thiệp sớm, kiểm soát đặc biệt, tổ chức lại, giải thể, phá sản tổ chức tín dụng; việc thành lập, tổ chức, hoạt động, can thiệp sớm, giải thể, chấm dứt hoạt động của chi nhánh ngân hàng nước ngoài; việc thành lập, hoạt động của văn phòng đại diện tại Việt Nam của tổ chức tín dụng nước ngoài, tổ chức nước ngoài khác có hoạt động ngân hàng; việc xử lý nợ xấu, tài sản bảo đảm của khoản nợ xấu của tổ chức tín dụng, chi nhánh ngân hàng nước ngoài, tổ chức mà Nhà nước sở hữu 100% vốn điều lệ có chức năng mua, bán, xử lý nợ."
DoiTuongApDung_doanh_nghiep_bao_hiem,DoiTuongApDung,Doanh nghiệp bảo hiểm,Doanh nghiệp bảo hiểm,112025,rules_fallback,0.9,"Nghị định này quy định chi tiết và hướng dẫn thi hành một số điều của Luật kinh doanh bảo hiểm và Luật sửa đổi, bổ sung một số điều của Luật kinh doanh bảo hiểm bao gồm:
a) Thành lập và hoạt động của các doanh nghiệp bảo hiểm nhân thọ, doanh nghiệp bảo hiểm phi nhân thọ, doanh nghiệp bảo hiểm sức khỏe, doanh nghiệp tái bảo hiểm (sau đây gọi tắt là doanh nghiệp bảo hiểm), chi nhánh doanh nghiệp bảo hiểm phi nhân thọ nước ngoài (sau đây gọi tắt là chi nhánh nước ngoài), doanh nghiệp môi giới bảo hiểm, đại lý bảo hiểm, cung cấp dịch vụ bảo hiểm qua biên giới, văn phòng đại diện của doanh nghiệp bảo hiểm, doanh nghiệp môi giới bảo hiểm nước ngoài và quỹ bảo vệ người được bảo hiểm;
b) Chế độ quản lý tài chính đối với các doanh nghiệp bảo hiểm, chi nhánh nước ngoài, doanh nghiệp môi giới bảo hiểm."
DoiTuongApDung_van_phong_ai_dien_to_chuc_tin_dung_,DoiTuongApDung,Văn phòng đại diện tổ chức tín dụng nước ngoài,Văn phòng đại diện tổ chức tín dụng nước ngoài,112025,rules_fallback,0.9,"Nghị định này quy định chi tiết và hướng dẫn thi hành một số điều của Luật kinh doanh bảo hiểm và Luật sửa đổi, bổ sung một số điều của Luật kinh doanh bảo hiểm bao gồm:
a) Thành lập và hoạt động của các doanh nghiệp bảo hiểm nhân thọ, doanh nghiệp bảo hiểm phi nhân thọ, doanh nghiệp bảo hiểm sức khỏe, doanh nghiệp tái bảo hiểm (sau đây gọi tắt là doanh nghiệp bảo hiểm), chi nhánh doanh nghiệp bảo hiểm phi nhân thọ nước ngoài (sau đây gọi tắt là chi nhánh nước ngoài), doanh nghiệp môi giới bảo hiểm, đại lý bảo hiểm, cung cấp dịch vụ bảo hiểm qua biên giới, văn phòng đại diện của doanh nghiệp bảo hiểm, doanh nghiệp môi giới bảo hiểm nước ngoài và quỹ bảo vệ người được bảo hiểm;
b) Chế độ quản lý tài chính đối với các doanh nghiệp bảo hiểm, chi nhánh nước ngoài, doanh nghiệp môi giới bảo hiểm."
DoiTuongApDung_van_phong_ai_dien_to_chuc_tin_dung_,DoiTuongApDung,Văn phòng đại diện tổ chức tín dụng nước ngoài,Văn phòng đại diện tổ chức tín dụng nước ngoài,f69936f0-6937-11f1-a48d-29bc6b0fd706,rules_fallback,0.9,"Tổ chức quy định tại khoản 1 Điều này bao gồm:
a) Công ty đại chúng;
b) Doanh nghiệp nhà nước, công ty trách nhiệm hữu hạn một thành viên do doanh nghiệp nhà nước nắm giữ 100% vốn điều lệ, đơn vị sự nghiệp công lập cổ phần hóa dưới hình thức chào bán chứng khoán ra công chúng;
c) Tổ chức phát hành;
d) Tổ chức niêm yết, tổ chức đăng ký giao dịch; tổ chức tư vấn niêm yết, đăng ký giao dịch;
đ) Tổ chức kiểm toán được chấp thuận;
e) Tổ chức tư vấn chào bán, phát hành, tổ chức bảo lãnh phát hành; tổ chức đấu thầu, đại lý phát hành;
g) Công ty chứng khoán, công ty quản lý quỹ đầu tư chứng khoán, chi nhánh, văn phòng đại diện công ty chứng khoán, công ty quản lý quỹ nước ngoài tại Việt Nam, công ty đầu tư chứng khoán;
h)
[4]
Sở giao dịch chứng khoán Việt Nam và công ty con; Tổng công ty lưu ký và bù trừ chứng khoán Việt Nam và công ty con;
i) Cổ đông, nhà đầu tư là tổ chức;
k) Ngân hàng thương mại, chi nhánh ngân hàng nước ngoài tại Việt Nam thực hiện hoạt động lưu ký, bù trừ, thanh toán giao dịch chứng khoán, ngân hàng giám sát;
l) Tổ chức xã hội - nghề nghiệp về chứng khoán;
m) Các tổ chức khác hoạt động trên thị trường chứng khoán hoặc có liên quan đến hoạt động về chứng khoán và thị trường chứng khoán."
DoiTuongApDung_to_chuc_tin_dung,DoiTuongApDung,Tổ chức tín dụng,Tổ chức tín dụng,173460,rules_fallback,0.9,"NGÂN HÀNG NHÀ NƯỚC
VIỆT NAM
CỘNG HÒA XÃ HỘI CHỦ NGHĨA VIỆT NAM
Độc lập - Tự do - Hạnh phúc
Số: 57/2024/TT-NHNN
Hà Nội, ngày 24 tháng 12 năm 2024
THÔNG TƯ
Quy định hồ sơ, thủ tục cấp Giấy phép lần đầu
của
tổ chức tín dụng phi ngân hàng
Căn cứ Luật Ngân hàng Nhà nước Việt Nam ngày 16 tháng 6 năm 2010;
Căn cứ Luật Các tổ chức tín dụng ngày 18 tháng 01 năm 2024;
Căn cứ Nghị định số 102/2022/NĐ-CP ngày 12 tháng 12 năm 2022 của Chính phủ quy định chức năng, nhiệm vụ, quyền hạn và cơ cấu tổ chức của Ngân hàng Nhà nước Việt Nam;
Căn cứ Nghị định số 162/2024/NĐ-CP ngày 20 tháng 12 năm 2024 của Chính phủ quy định điều kiện cấp Giấy phép đối với quỹ tín dụng nhân dân, tổ chức tài chính vi mô và điều kiện đối với chủ sở hữu của tổ chức tín dụng là công ty trách nhiệm hữu hạn một thành viên, cổ đông sáng lập, thành viên sáng lập;
Theo đề nghị của Chánh Thanh tra, giám sát ngân hàng;
Thống đốc Ngân hàng Nhà nước Việt Nam ban hành Thông tư quy định hồ sơ, thủ tục cấp Giấy phép lần đầu của tổ chức tín dụng phi ngân hàng."
DoiTuongApDung_chi_nhanh_ngan_hang_nuoc_ngoai,DoiTuongApDung,Chi nhánh ngân hàng nước ngoài,Chi nhánh ngân hàng nước ngoài,117310,rules_fallback,0.9,"NGÂN HÀNG NHÀ NƯỚC VIỆT NAM
CỘNG HÒA XÃ HỘI CHỦ NGHĨA VIỆT NAM
Độc lập – Tự do – Hạnh phúc
Số: 41/2016/TT-NHNN
Hà Nội, Ngày 30 tháng 12 năm 2016
THÔNG TƯ
Quy định tỷ lệ an toàn vốn đối với
ngân hàng, chi nhánh ngân hàng nước ngoài
Căn cứ Luật Ngân hàng Nhà nước Việt Nam số
46/2010/QH12
ngày 16 tháng 6 năm 2010;
Căn cứ Luật các tổ chức tín dụng số
47/2010/QH12
ngày 16 tháng 6 năm 2010;
Căn cứ Nghị định số
156/2013/NĐ-CP
ngày 11 tháng 11 năm 2013 của Chính phủ quy định chức năng, nhiệm vụ, quyền hạn và cơ cấu tổ chức của Ngân hàng Nhà nước Việt Nam;
Theo đề nghị của Chánh Thanh tra, giám sát ngân hàng;
Thống đốc Ngân hàng Nhà nước Việt Nam (sau đây gọi là Ngân hàng Nhà nước) ban hành Thông tư quy định tỷ lệ an toàn vốn đối với ngân hàng, chi nhánh ngân hàng nước ngoài."
DoiTuongApDung_chi_nhanh_ngan_hang_nuoc_ngoai,DoiTuongApDung,Chi nhánh ngân hàng nước ngoài,Chi nhánh ngân hàng nước ngoài,6e689cd0-6f81-11f1-94d6-fd5d6d5ff793,rules_fallback,0.9,"CỘNG HÒA XÃ HỘI CHỦ NGHĨA VIỆT NAM
Độc lập - Tự do - Hạnh phúc
CỘNG HÒA XÃ HỘI CHỦ NGHĨA VIỆT NAM
Độc lập - Tự do - Hạnh phúc
CỘNG HÒA XÃ HỘI CHỦ NGHĨA VIỆT NAM
Độc lập - Tự do - Hạnh phúc
THÔNG TƯ
Quy định hồ sơ, thủ tục cấp Giấy phép lần đầu của ngân hàng thương mại, chi nhánh ngân hàng nước ngoài, văn phòng đại diện nước ngoài
Thông tư số 56/2024/TT-NHNN ngày 24 tháng 12 năm 2024 của Thống đốc Ngân hàng Nhà nước Việt Nam quy định hồ sơ, thủ tục cấp Giấy phép lần đầu của ngân hàng thương mại, chi nhánh ngân hàng nước ngoài, văn phòng đại diện nước ngoài, có hiệu lực kể từ ngày 24 tháng 12 năm 2024 được sửa đổi, bổ sung bởi:
1."
DoiTuongApDung_ngan_hang_thuong_mai,DoiTuongApDung,Ngân hàng thương mại,Ngân hàng thương mại,6e689cd0-6f81-11f1-94d6-fd5d6d5ff793,rules_fallback,0.9,"CỘNG HÒA XÃ HỘI CHỦ NGHĨA VIỆT NAM
Độc lập - Tự do - Hạnh phúc
CỘNG HÒA XÃ HỘI CHỦ NGHĨA VIỆT NAM
Độc lập - Tự do - Hạnh phúc
CỘNG HÒA XÃ HỘI CHỦ NGHĨA VIỆT NAM
Độc lập - Tự do - Hạnh phúc
THÔNG TƯ
Quy định hồ sơ, thủ tục cấp Giấy phép lần đầu của ngân hàng thương mại, chi nhánh ngân hàng nước ngoài, văn phòng đại diện nước ngoài
Thông tư số 56/2024/TT-NHNN ngày 24 tháng 12 năm 2024 của Thống đốc Ngân hàng Nhà nước Việt Nam quy định hồ sơ, thủ tục cấp Giấy phép lần đầu của ngân hàng thương mại, chi nhánh ngân hàng nước ngoài, văn phòng đại diện nước ngoài, có hiệu lực kể từ ngày 24 tháng 12 năm 2024 được sửa đổi, bổ sung bởi:
1."
LinhVuc_bao_hiem,LinhVuc,Bảo hiểm,Bảo hiểm,6e689cd0-6f81-11f1-94d6-fd5d6d5ff793,rules_fallback,0.9,Chứa từ khóa 'bảo hiểm'
DoiTuongApDung_quy_tin_dung_nhan_dan,DoiTuongApDung,Quỹ tín dụng nhân dân,Quỹ tín dụng nhân dân,186888,rules_fallback,0.9,"Tổ chức tín dụng là hợp tác xã bao gồm ngân hàng hợp tác xã, quỹ tín dụng nhân dân."
DoiTuongApDung_quy_tin_dung_nhan_dan,DoiTuongApDung,Quỹ tín dụng nhân dân,Quỹ tín dụng nhân dân,168859,rules_fallback,0.9,"NGÂN HÀNG NHÀ NƯỚC
VIỆT NAM
CỘNG HÒA XÃ HỘI CHỦ NGHĨA VIỆT NAM
Độc lập – Tự do – Hạnh phúc
Số: 29/2024/TT-NHNN
Hà Nội, ngày 28 tháng 6 năm 2024
THÔNG TƯ
Quy định về quỹ tín dụng nhân dân
Căn cứ Luật Ngân hàng Nhà nước Việt Nam ngày 16 tháng 6 năm 2010;
Căn cứ Luật Các tổ chức tín dụng ngày 18 tháng 01 năm 2024;
Căn cứ Luật Hợp tác xã ngày 17 tháng 6 năm 2023;
Căn cứ Nghị định số 102/2022/NĐ-CP ngày 12 tháng 12 năm 2022 của Chính phủ quy định chức năng, nhiệm vụ, quyền hạn và cơ cấu tổ chức của Ngân hàng Nhà nước Việt Nam;
Theo đề nghị của Chánh Thanh tra, giám sát ngân hàng;
Thống đốc Ngân hàng Nhà nước Việt Nam ban hành Thông tư quy định về quỹ tín dụng nhân dân."
DoiTuongApDung_ngan_hang_hop_tac_xa,DoiTuongApDung,Ngân hàng hợp tác xã,Ngân hàng hợp tác xã,168859,rules_fallback,0.9,Ngân hàng hợp tác xã.
DoiTuongApDung_ngan_hang_thuong_mai,DoiTuongApDung,Ngân hàng thương mại,Ngân hàng thương mại,173695,rules_fallback,0.9,"NGÂN HÀNG NHÀ NƯỚC
VIỆT NAM
CỘNG HÒA XÃ HỘI CHỦ NGHĨA VIỆT NAM
Độc lập – Tự do – Hạnh phúc
Số: 56/2024/TT-NHNN
Hà Nội, ngày 24 tháng 12 năm 2024
THÔNG TƯ
Quy định
hồ sơ, thủ tục
cấp Giấy phép
lần đầu
của ngân hàng thương mại,
chi nhánh ngân hàng nước ngoài
,
văn phòng đại diện nước ngoài
_________________________
Căn cứ Luật Ngân hàng Nhà nước Việt Nam ngày 16 tháng 6 năm 2010;
Căn cứ Luật Các tổ chức tín dụng ngày 18 tháng 01 năm 2024;
Căn cứ Nghị định số
102/2022/NĐ-CP
ngày 12 tháng 12 năm 2022 của Chính phủ quy định chức năng, nhiệm vụ, quyền hạn và cơ cấu tổ chức của Ngân hàng Nhà nước Việt Nam;
Căn cứ
Nghị định
số 162/NĐ-CP ngày 20 tháng 12 năm 2024 của Chính phủ
quy định điều kiện cấp Giấy phép đối với quỹ tín dụng nhân dân, tổ chức tài chính vi mô và điều kiện đối với chủ sở hữu của
tổ chức tín dụng
là công ty trách nhiệm hữu hạn một thành viên, cổ đông sáng lập, thành viên sáng lập;
Theo đề nghị của Chánh Thanh tra, giám sát ngân hàng;
Thống đốc Ngân hàng Nhà nước Việt Nam ban hành Thông tư quy định
hồ sơ, thủ tục
cấp Giấy phép
lần đầu
của ngân hàng thương mại, chi nhánh ngân hàng nước ngoài, văn phòng đại diện nước
ngoài
."
DoiTuongApDung_to_chuc_tin_dung,DoiTuongApDung,Tổ chức tín dụng,Tổ chức tín dụng,27257,rules_fallback,0.9,"NGÂN HÀNG NHÀ NƯỚC
VIỆT NAM
-------
CỘNG HÒA XÃ HỘI CHỦ NGHĨA VIỆT NAM
Độc lập - Tự do - Hạnh phúc
---------------
Số: 44/2011/TT-NHNN
Hà Nội, ngày 29 tháng 12 năm 2011
THÔNG TƯ
Q
uy định về hệ thống kiểm soát nội bộ và kiểm toán nội bộ
của tổ chức tín dụng, chi nhánh ngân hàng nước ngoài
Căn cứ Luật Ngân hàng Nhà nước Việt Nam số 46/2010/QH12 ngày 16 tháng 6 năm 2010;
Căn cứ Luật Các tổ chức tín dụng số 47/2010/QH12 ngày 16 tháng 6 năm 2010;
Căn cứ Nghị định số 96/2008/NĐ-CP ngày 26/8/2008 của Chính phủ quy định chức năng, nhiệm vụ, quyền hạn và cơ cấu tổ chức của Ngân hàng Nhà nước Việt Nam;
Ngân hàng Nhà nước Việt Nam quy định về hệ thống kiểm soát nội bộ và kiểm toán nội bộ của tổ chức tín dụng, chi nhánh ngân hàng nước ngoài như sau:
Chương I
NHỮNG QUY ĐỊNH CHUNG
Điều 1."
LinhVuc_kiem_toan,LinhVuc,Kiểm toán,Kiểm toán,27257,rules_fallback,0.9,Chứa từ khóa 'kiểm toán'
DoiTuongApDung_quy_tin_dung_nhan_dan,DoiTuongApDung,Quỹ tín dụng nhân dân,Quỹ tín dụng nhân dân,173460,rules_fallback,0.9,"NGÂN HÀNG NHÀ NƯỚC
VIỆT NAM
CỘNG HÒA XÃ HỘI CHỦ NGHĨA VIỆT NAM
Độc lập - Tự do - Hạnh phúc
Số: 57/2024/TT-NHNN
Hà Nội, ngày 24 tháng 12 năm 2024
THÔNG TƯ
Quy định hồ sơ, thủ tục cấp Giấy phép lần đầu
của
tổ chức tín dụng phi ngân hàng
Căn cứ Luật Ngân hàng Nhà nước Việt Nam ngày 16 tháng 6 năm 2010;
Căn cứ Luật Các tổ chức tín dụng ngày 18 tháng 01 năm 2024;
Căn cứ Nghị định số 102/2022/NĐ-CP ngày 12 tháng 12 năm 2022 của Chính phủ quy định chức năng, nhiệm vụ, quyền hạn và cơ cấu tổ chức của Ngân hàng Nhà nước Việt Nam;
Căn cứ Nghị định số 162/2024/NĐ-CP ngày 20 tháng 12 năm 2024 của Chính phủ quy định điều kiện cấp Giấy phép đối với quỹ tín dụng nhân dân, tổ chức tài chính vi mô và điều kiện đối với chủ sở hữu của tổ chức tín dụng là công ty trách nhiệm hữu hạn một thành viên, cổ đông sáng lập, thành viên sáng lập;
Theo đề nghị của Chánh Thanh tra, giám sát ngân hàng;
Thống đốc Ngân hàng Nhà nước Việt Nam ban hành Thông tư quy định hồ sơ, thủ tục cấp Giấy phép lần đầu của tổ chức tín dụng phi ngân hàng."
DoiTuongApDung_ngan_hang_thuong_mai,DoiTuongApDung,Ngân hàng thương mại,Ngân hàng thương mại,173460,rules_fallback,0.9,"Thành viên góp vốn
là doanh nghiệp Việt Nam, ngân hàng thương mại Việt Nam, tổ chức tín dụng nước ngoài góp vốn vào tổ chức tín dụng phi ngân hàng trách nhiệm hữu hạn hai thành viên trở lên."
DoiTuongApDung_chi_nhanh_ngan_hang_nuoc_ngoai,DoiTuongApDung,Chi nhánh ngân hàng nước ngoài,Chi nhánh ngân hàng nước ngoài,27257,rules_fallback,0.9,"NGÂN HÀNG NHÀ NƯỚC
VIỆT NAM
-------
CỘNG HÒA XÃ HỘI CHỦ NGHĨA VIỆT NAM
Độc lập - Tự do - Hạnh phúc
---------------
Số: 44/2011/TT-NHNN
Hà Nội, ngày 29 tháng 12 năm 2011
THÔNG TƯ
Q
uy định về hệ thống kiểm soát nội bộ và kiểm toán nội bộ
của tổ chức tín dụng, chi nhánh ngân hàng nước ngoài
Căn cứ Luật Ngân hàng Nhà nước Việt Nam số 46/2010/QH12 ngày 16 tháng 6 năm 2010;
Căn cứ Luật Các tổ chức tín dụng số 47/2010/QH12 ngày 16 tháng 6 năm 2010;
Căn cứ Nghị định số 96/2008/NĐ-CP ngày 26/8/2008 của Chính phủ quy định chức năng, nhiệm vụ, quyền hạn và cơ cấu tổ chức của Ngân hàng Nhà nước Việt Nam;
Ngân hàng Nhà nước Việt Nam quy định về hệ thống kiểm soát nội bộ và kiểm toán nội bộ của tổ chức tín dụng, chi nhánh ngân hàng nước ngoài như sau:
Chương I
NHỮNG QUY ĐỊNH CHUNG
Điều 1."
LinhVuc_kiem_toan,LinhVuc,Kiểm toán,Kiểm toán,143217,rules_fallback,0.9,Chứa từ khóa 'kiểm toán'
DoiTuongApDung_to_chuc_tin_dung,DoiTuongApDung,Tổ chức tín dụng,Tổ chức tín dụng,164719,rules_fallback,0.9,"NGÂN HÀNG NHÀ NƯỚC VIỆT NAM
CỘNG HÒA XÃ HỘI CHỦ NGHĨA VIỆT NAM
Độc lập – Tự do – Hạnh phúc
Số: 22/2023/TT-NHNN
Hà Nội, ngày 29 tháng 12 năm 2023
THÔNG TƯ
Sửa đổi, bổ sung một số điều của Thông tư số
41/2016/TT-NHNN
ngày 30 tháng 12 năm 2016 của Thống đốc Ngân hàng Nhà nước Việt Nam quy định tỷ lệ an toàn vốn đối với ngân hàng, chi nhánh ngân hàng nước ngoài
Căn cứ Luật Ngân hàng Nhà nước Việt Nam ngày 16 tháng 6 năm 2010;
Căn cứ Luật Các tổ chức tín dụng ngày 16 tháng 6 năm 2010 và Luật sửa đổi, bổ sung một số điều của Luật Các tổ chức tín dụng ngày 20 tháng 11 năm 2017;
Căn cứ Nghị định số
102/2022/NĐ-CP
ngày 12 tháng 12 năm 2022 của Chính phủ quy định chức năng, nhiệm vụ, quyền hạn và cơ cấu tổ chức của Ngân hàng Nhà nước Việt Nam;
Theo đề nghị của Chánh Thanh tra, giám sát ngân hàng;
Thống đốc Ngân hàng Nhà nước Việt Nam ban hành Thông tư sửa đổi, bổ sung một số điều của Thông tư số
41/2016/TT-NHNN
ngày 30 tháng 12 năm 2016 của Thống đốc Ngân hàng Nhà nước Việt Nam quy định tỷ lệ an toàn vốn đối với ngân hàng, chi nhánh ngân hàng nước ngoài."
DoiTuongApDung_chi_nhanh_ngan_hang_nuoc_ngoai,DoiTuongApDung,Chi nhánh ngân hàng nước ngoài,Chi nhánh ngân hàng nước ngoài,164719,rules_fallback,0.9,"NGÂN HÀNG NHÀ NƯỚC VIỆT NAM
CỘNG HÒA XÃ HỘI CHỦ NGHĨA VIỆT NAM
Độc lập – Tự do – Hạnh phúc
Số: 22/2023/TT-NHNN
Hà Nội, ngày 29 tháng 12 năm 2023
THÔNG TƯ
Sửa đổi, bổ sung một số điều của Thông tư số
41/2016/TT-NHNN
ngày 30 tháng 12 năm 2016 của Thống đốc Ngân hàng Nhà nước Việt Nam quy định tỷ lệ an toàn vốn đối với ngân hàng, chi nhánh ngân hàng nước ngoài
Căn cứ Luật Ngân hàng Nhà nước Việt Nam ngày 16 tháng 6 năm 2010;
Căn cứ Luật Các tổ chức tín dụng ngày 16 tháng 6 năm 2010 và Luật sửa đổi, bổ sung một số điều của Luật Các tổ chức tín dụng ngày 20 tháng 11 năm 2017;
Căn cứ Nghị định số
102/2022/NĐ-CP
ngày 12 tháng 12 năm 2022 của Chính phủ quy định chức năng, nhiệm vụ, quyền hạn và cơ cấu tổ chức của Ngân hàng Nhà nước Việt Nam;
Theo đề nghị của Chánh Thanh tra, giám sát ngân hàng;
Thống đốc Ngân hàng Nhà nước Việt Nam ban hành Thông tư sửa đổi, bổ sung một số điều của Thông tư số
41/2016/TT-NHNN
ngày 30 tháng 12 năm 2016 của Thống đốc Ngân hàng Nhà nước Việt Nam quy định tỷ lệ an toàn vốn đối với ngân hàng, chi nhánh ngân hàng nước ngoài."
LinhVuc_bao_hiem,LinhVuc,Bảo hiểm,Bảo hiểm,95652,rules_fallback,0.9,Chứa từ khóa 'bảo hiểm'
LinhVuc_kiem_toan,LinhVuc,Kiểm toán,Kiểm toán,133858,rules_fallback,0.9,Chứa từ khóa 'kiểm toán'
DoiTuongApDung_ngan_hang_thuong_mai,DoiTuongApDung,Ngân hàng thương mại,Ngân hàng thương mại,f69936f0-6937-11f1-a48d-29bc6b0fd706,rules_fallback,0.9,"Tổ chức quy định tại khoản 1 Điều này bao gồm:
a) Công ty đại chúng;
b) Doanh nghiệp nhà nước, công ty trách nhiệm hữu hạn một thành viên do doanh nghiệp nhà nước nắm giữ 100% vốn điều lệ, đơn vị sự nghiệp công lập cổ phần hóa dưới hình thức chào bán chứng khoán ra công chúng;
c) Tổ chức phát hành;
d) Tổ chức niêm yết, tổ chức đăng ký giao dịch; tổ chức tư vấn niêm yết, đăng ký giao dịch;
đ) Tổ chức kiểm toán được chấp thuận;
e) Tổ chức tư vấn chào bán, phát hành, tổ chức bảo lãnh phát hành; tổ chức đấu thầu, đại lý phát hành;
g) Công ty chứng khoán, công ty quản lý quỹ đầu tư chứng khoán, chi nhánh, văn phòng đại diện công ty chứng khoán, công ty quản lý quỹ nước ngoài tại Việt Nam, công ty đầu tư chứng khoán;
h)
[4]
Sở giao dịch chứng khoán Việt Nam và công ty con; Tổng công ty lưu ký và bù trừ chứng khoán Việt Nam và công ty con;
i) Cổ đông, nhà đầu tư là tổ chức;
k) Ngân hàng thương mại, chi nhánh ngân hàng nước ngoài tại Việt Nam thực hiện hoạt động lưu ký, bù trừ, thanh toán giao dịch chứng khoán, ngân hàng giám sát;
l) Tổ chức xã hội - nghề nghiệp về chứng khoán;
m) Các tổ chức khác hoạt động trên thị trường chứng khoán hoặc có liên quan đến hoạt động về chứng khoán và thị trường chứng khoán."
DoiTuongApDung_quy_tin_dung_nhan_dan,DoiTuongApDung,Quỹ tín dụng nhân dân,Quỹ tín dụng nhân dân,168220,rules_fallback,0.9,"NGÂN HÀNG NHÀ NƯỚC
VIỆT NAM
---------
CỘNG HÒA XÃ HỘI CHỦ NGHĨA VIỆT NAM
Độc lập - Tự do - Hạnh phúc
----------------------------
Số: 27 /2024/TT-NHNN
Hà Nội, ngày 28 tháng 6 năm 2024
THÔNG TƯ
Quy định về ngân hàng hợp tác xã, việc trích nộp, quản lý và sử dụng Quỹ
bảo đảm an toàn hệ thống quỹ tín dụng nhân dân
Căn cứ Luật Ngân hàng Nhà nước Việt Nam ngày 16 tháng 6 năm 2010;
Căn cứ Luật Các tổ chức tín dụng ngày 18 tháng 01 năm 2024;
Căn cứ Luật Hợp tác xã ngày 20 tháng 6 năm 2023;
Căn cứ Nghị định số 102/2022/NĐ-CP ngày 12 tháng 12 năm 2022 của Chính phủ quy định chức năng, nhiệm vụ, quyền hạn và cơ cấu tổ chức của Ngân hàng Nhà nước Việt Nam;
Theo đề nghị của Chánh Thanh tra, giám sát ngân hàng;
Thống đốc Ngân hàng Nhà nước Việt Nam ban hành Thông tư quy định về ngân hàng hợp tác xã, việc trích nộp, quản lý và sử dụng Quỹ bảo đảm an toàn hệ thống quỹ tín dụng nhân dân."
DoiTuongApDung_ngan_hang_hop_tac_xa,DoiTuongApDung,Ngân hàng hợp tác xã,Ngân hàng hợp tác xã,168220,rules_fallback,0.9,"NGÂN HÀNG NHÀ NƯỚC
VIỆT NAM
---------
CỘNG HÒA XÃ HỘI CHỦ NGHĨA VIỆT NAM
Độc lập - Tự do - Hạnh phúc
----------------------------
Số: 27 /2024/TT-NHNN
Hà Nội, ngày 28 tháng 6 năm 2024
THÔNG TƯ
Quy định về ngân hàng hợp tác xã, việc trích nộp, quản lý và sử dụng Quỹ
bảo đảm an toàn hệ thống quỹ tín dụng nhân dân
Căn cứ Luật Ngân hàng Nhà nước Việt Nam ngày 16 tháng 6 năm 2010;
Căn cứ Luật Các tổ chức tín dụng ngày 18 tháng 01 năm 2024;
Căn cứ Luật Hợp tác xã ngày 20 tháng 6 năm 2023;
Căn cứ Nghị định số 102/2022/NĐ-CP ngày 12 tháng 12 năm 2022 của Chính phủ quy định chức năng, nhiệm vụ, quyền hạn và cơ cấu tổ chức của Ngân hàng Nhà nước Việt Nam;
Theo đề nghị của Chánh Thanh tra, giám sát ngân hàng;
Thống đốc Ngân hàng Nhà nước Việt Nam ban hành Thông tư quy định về ngân hàng hợp tác xã, việc trích nộp, quản lý và sử dụng Quỹ bảo đảm an toàn hệ thống quỹ tín dụng nhân dân."
DoiTuongApDung_to_chuc_tin_dung,DoiTuongApDung,Tổ chức tín dụng,Tổ chức tín dụng,168220,rules_fallback,0.9,"NGÂN HÀNG NHÀ NƯỚC
VIỆT NAM
---------
CỘNG HÒA XÃ HỘI CHỦ NGHĨA VIỆT NAM
Độc lập - Tự do - Hạnh phúc
----------------------------
Số: 27 /2024/TT-NHNN
Hà Nội, ngày 28 tháng 6 năm 2024
THÔNG TƯ
Quy định về ngân hàng hợp tác xã, việc trích nộp, quản lý và sử dụng Quỹ
bảo đảm an toàn hệ thống quỹ tín dụng nhân dân
Căn cứ Luật Ngân hàng Nhà nước Việt Nam ngày 16 tháng 6 năm 2010;
Căn cứ Luật Các tổ chức tín dụng ngày 18 tháng 01 năm 2024;
Căn cứ Luật Hợp tác xã ngày 20 tháng 6 năm 2023;
Căn cứ Nghị định số 102/2022/NĐ-CP ngày 12 tháng 12 năm 2022 của Chính phủ quy định chức năng, nhiệm vụ, quyền hạn và cơ cấu tổ chức của Ngân hàng Nhà nước Việt Nam;
Theo đề nghị của Chánh Thanh tra, giám sát ngân hàng;
Thống đốc Ngân hàng Nhà nước Việt Nam ban hành Thông tư quy định về ngân hàng hợp tác xã, việc trích nộp, quản lý và sử dụng Quỹ bảo đảm an toàn hệ thống quỹ tín dụng nhân dân."
DoiTuongApDung_to_chuc_tin_dung,DoiTuongApDung,Tổ chức tín dụng,Tổ chức tín dụng,133858,rules_fallback,0.9,"Công tác kiểm toán nội bộ của tổ chức tín dụng thực hiện theo Luật các tổ chức tín dụng, các văn bản hướng dẫn Luật và các văn bản hướng dẫn do Ngân hàng Nhà nước ban hành."
DoiTuongApDung_to_chuc_tin_dung,DoiTuongApDung,Tổ chức tín dụng,Tổ chức tín dụng,95652,rules_fallback,0.9,"CHÍNH PHỦ
CỘNG HÒA XÃ HỘI CHỦ NGHĨA VIỆT NAM
Độc lập – Tự do – Hạnh phúc
Số:
135
/2015/NĐ-CP
Hà Nội, ngày 31 tháng 12 năm 2015
NGHỊ ĐỊNH
Q
uy định về đầu tư gián tiếp ra nước ngoài
_____________
Căn cứ Luật Tổ chức Chính phủ ngày 25 tháng 12 năm 2001
;
Căn cứ Luật Đầu tư ngày 26 tháng 11
năm 201
4;
Căn cứ Luật Ngân hàng Nhà nước Việt Nam ngày 16 tháng 6 năm 2010;
Căn cứ Luật Các tổ chức tín dụng ngày 16 tháng 6 năm 2010;
Căn cứ Luật Chứng khoán ngày 29 tháng 6 năm 2006 và Luật sửa đổ
i, bổ sung một số điề
u của Luật Chứng khoán ngày 24 tháng 11 năm 2010;
Căn cứ Luật Ki
nh doanh bảo hiểm ngày 09 tháng 12 năm 2000 và Luật sửa đổ
i, bổ
sung một số
điề
u của Luật Kinh doanh bảo hiể
m ngày 24 tháng 11 năm 2010;
Căn cứ Pháp l
ệnh Ngoại hối ngày 13 tháng 12 năm 2005 và Pháp l
ệnh sửa đổi, bổ sung một số
điều của Pháp lệnh Ngoại hố
i ngày 18 tháng 3 năm 2013;
Theo đề nghị của Thố
ng đốc Ngân hàng Nhà nước Việt Nam,
Chính phủ ban hành Nghị định quy định về đầu tư giá
n tiếp ra nước ngoài."
DoiTuongApDung_chi_nhanh_ngan_hang_nuoc_ngoai,DoiTuongApDung,Chi nhánh ngân hàng nước ngoài,Chi nhánh ngân hàng nước ngoài,f69936f0-6937-11f1-a48d-29bc6b0fd706,rules_fallback,0.9,"Tổ chức quy định tại khoản 1 Điều này bao gồm:
a) Công ty đại chúng;
b) Doanh nghiệp nhà nước, công ty trách nhiệm hữu hạn một thành viên do doanh nghiệp nhà nước nắm giữ 100% vốn điều lệ, đơn vị sự nghiệp công lập cổ phần hóa dưới hình thức chào bán chứng khoán ra công chúng;
c) Tổ chức phát hành;
d) Tổ chức niêm yết, tổ chức đăng ký giao dịch; tổ chức tư vấn niêm yết, đăng ký giao dịch;
đ) Tổ chức kiểm toán được chấp thuận;
e) Tổ chức tư vấn chào bán, phát hành, tổ chức bảo lãnh phát hành; tổ chức đấu thầu, đại lý phát hành;
g) Công ty chứng khoán, công ty quản lý quỹ đầu tư chứng khoán, chi nhánh, văn phòng đại diện công ty chứng khoán, công ty quản lý quỹ nước ngoài tại Việt Nam, công ty đầu tư chứng khoán;
h)
[4]
Sở giao dịch chứng khoán Việt Nam và công ty con; Tổng công ty lưu ký và bù trừ chứng khoán Việt Nam và công ty con;
i) Cổ đông, nhà đầu tư là tổ chức;
k) Ngân hàng thương mại, chi nhánh ngân hàng nước ngoài tại Việt Nam thực hiện hoạt động lưu ký, bù trừ, thanh toán giao dịch chứng khoán, ngân hàng giám sát;
l) Tổ chức xã hội - nghề nghiệp về chứng khoán;
m) Các tổ chức khác hoạt động trên thị trường chứng khoán hoặc có liên quan đến hoạt động về chứng khoán và thị trường chứng khoán."
DoiTuongApDung_cong_ty_quan_ly_quy,DoiTuongApDung,Công ty quản lý quỹ,Công ty quản lý quỹ,f69936f0-6937-11f1-a48d-29bc6b0fd706,rules_fallback,0.9,"Vi phạm hành chính trong lĩnh vực chứng khoán và thị trường chứng khoán quy định tại Nghị định này bao gồm:
a) Vi phạm quy định về chào bán, phát hành chứng khoán riêng lẻ;
b) Vi phạm quy định về chào bán chứng khoán ra công chúng tại Việt Nam;
c) Vi phạm quy định về phát hành trái phiếu ra thị trường quốc tế, chào bán chứng khoán tại nước ngoài và phát hành chứng khoán mới làm cơ sở chào bán chứng chỉ lưu ký chứng khoán tại nước ngoài hoặc hỗ trợ phát hành chứng chỉ lưu ký chứng khoán tại nước ngoài trên cơ sở cổ phiếu đã phát hành tại Việt Nam;
d) Vi phạm quy định phát hành thêm cổ phiếu;
đ) Vi phạm quy định về công ty đại chúng;
e) Vi phạm quy định về chào mua công khai;
g) Vi phạm quy định về niêm yết chứng khoán, đăng ký giao dịch chứng khoán;
h) Vi phạm quy định về tổ chức thị trường giao dịch chứng khoán;
i) Vi phạm quy định về kinh doanh chứng khoán và hành nghề chứng khoán; vi phạm quy định về giao dịch chứng khoán;
k) Vi phạm quy định về đăng ký, lưu ký, bù trừ và thanh toán chứng khoán, ngân hàng giám sát, ngân hàng lưu ký;
l) Vi phạm quy định công bố thông tin và báo cáo; vi phạm quy định về kiểm toán công ty đại chúng, tổ chức niêm yết, tổ chức thực hiện chào bán chứng khoán ra công chúng, công ty chứng khoán, công ty đầu tư chứng khoán, quỹ và công ty quản lý quỹ đầu tư chứng khoán;
m) Vi phạm quy định về phòng, chống rửa tiền và phòng, chống khủng bố trong lĩnh vực chứng khoán và thị trường chứng khoán;
n) Vi phạm quy định về thanh tra, kiểm tra của cơ quan nhà nước có thẩm quyền;
o) Các vi phạm khác trong lĩnh vực chứng khoán và thị trường chứng khoán được quy định tại Nghị định này."
DoiTuongApDung_cong_ty_chung_khoan,DoiTuongApDung,Công ty chứng khoán,Công ty chứng khoán,f69936f0-6937-11f1-a48d-29bc6b0fd706,rules_fallback,0.9,"Vi phạm hành chính trong lĩnh vực chứng khoán và thị trường chứng khoán quy định tại Nghị định này bao gồm:
a) Vi phạm quy định về chào bán, phát hành chứng khoán riêng lẻ;
b) Vi phạm quy định về chào bán chứng khoán ra công chúng tại Việt Nam;
c) Vi phạm quy định về phát hành trái phiếu ra thị trường quốc tế, chào bán chứng khoán tại nước ngoài và phát hành chứng khoán mới làm cơ sở chào bán chứng chỉ lưu ký chứng khoán tại nước ngoài hoặc hỗ trợ phát hành chứng chỉ lưu ký chứng khoán tại nước ngoài trên cơ sở cổ phiếu đã phát hành tại Việt Nam;
d) Vi phạm quy định phát hành thêm cổ phiếu;
đ) Vi phạm quy định về công ty đại chúng;
e) Vi phạm quy định về chào mua công khai;
g) Vi phạm quy định về niêm yết chứng khoán, đăng ký giao dịch chứng khoán;
h) Vi phạm quy định về tổ chức thị trường giao dịch chứng khoán;
i) Vi phạm quy định về kinh doanh chứng khoán và hành nghề chứng khoán; vi phạm quy định về giao dịch chứng khoán;
k) Vi phạm quy định về đăng ký, lưu ký, bù trừ và thanh toán chứng khoán, ngân hàng giám sát, ngân hàng lưu ký;
l) Vi phạm quy định công bố thông tin và báo cáo; vi phạm quy định về kiểm toán công ty đại chúng, tổ chức niêm yết, tổ chức thực hiện chào bán chứng khoán ra công chúng, công ty chứng khoán, công ty đầu tư chứng khoán, quỹ và công ty quản lý quỹ đầu tư chứng khoán;
m) Vi phạm quy định về phòng, chống rửa tiền và phòng, chống khủng bố trong lĩnh vực chứng khoán và thị trường chứng khoán;
n) Vi phạm quy định về thanh tra, kiểm tra của cơ quan nhà nước có thẩm quyền;
o) Các vi phạm khác trong lĩnh vực chứng khoán và thị trường chứng khoán được quy định tại Nghị định này."
LinhVuc_quan_ly_ngoai_hoi,LinhVuc,Quản lý ngoại hối,Quản lý ngoại hối,f69936f0-6937-11f1-a48d-29bc6b0fd706,rules_fallback,0.9,Chứa từ khóa 'ngoại hối'
DoiTuongApDung_to_chuc_tin_dung,DoiTuongApDung,Tổ chức tín dụng,Tổ chức tín dụng,168859,rules_fallback,0.9,"NGÂN HÀNG NHÀ NƯỚC
VIỆT NAM
CỘNG HÒA XÃ HỘI CHỦ NGHĨA VIỆT NAM
Độc lập – Tự do – Hạnh phúc
Số: 29/2024/TT-NHNN
Hà Nội, ngày 28 tháng 6 năm 2024
THÔNG TƯ
Quy định về quỹ tín dụng nhân dân
Căn cứ Luật Ngân hàng Nhà nước Việt Nam ngày 16 tháng 6 năm 2010;
Căn cứ Luật Các tổ chức tín dụng ngày 18 tháng 01 năm 2024;
Căn cứ Luật Hợp tác xã ngày 17 tháng 6 năm 2023;
Căn cứ Nghị định số 102/2022/NĐ-CP ngày 12 tháng 12 năm 2022 của Chính phủ quy định chức năng, nhiệm vụ, quyền hạn và cơ cấu tổ chức của Ngân hàng Nhà nước Việt Nam;
Theo đề nghị của Chánh Thanh tra, giám sát ngân hàng;
Thống đốc Ngân hàng Nhà nước Việt Nam ban hành Thông tư quy định về quỹ tín dụng nhân dân."
DoiTuongApDung_to_chuc_tin_dung,DoiTuongApDung,Tổ chức tín dụng,Tổ chức tín dụng,186482,rules_fallback,0.9,"NGÂN HÀNG NHÀ NƯỚC
VIỆT NAM
-------
CỘNG HÒA XÃ HỘI CHỦ NGHĨA VIỆT NAM
Độc lập - Tự do - Hạnh phúc
---------------
Số: 69/2025/TT-NHNN
Hà Nội, ngày 31 tháng 12 năm 2025
THÔNG TƯ
Sửa đổi, bổ sung một số điều của một số Thông tư của Thống đốc
Ngân hàng Nhà nước Việt Nam trong lĩnh vực quản lý, giám sát ngân hàng
liên quan đến cắt giảm điều kiện kinh doanh,
đơn giản hóa thủ tục hành chính
Căn cứ Luật Ngân hàng Nhà nước Việt Nam số 46/2010/QH12;
Căn cứ Luật Các tổ chức tín dụng số 32/2024/QH15 được sửa đổi, bổ sung bởi Luật số 96/2025/QH15;
Căn cứ Nghị định số 26/2025/NĐ-CP của Chính phủ quy định chức năng, nhiệm vụ, quyền hạn và cơ cấu tổ chức của Ngân hàng Nhà nước Việt Nam;
Theo đề nghị của Cục trưởng Cục An toàn hệ thống các tổ chức tín dụng;
Thống đốc Ngân hàng Nhà nước Việt Nam ban hành Thông tư sửa đổi, bổ sung một số điều của một số Thông tư của Thống đốc Ngân hàng Nhà nước Việt Nam trong lĩnh vực quản lý, giám sát ngân hàng liên quan đến cắt giảm điều kiện kinh doanh, đơn giản hóa thủ tục hành chính."
DoiTuongApDung_van_phong_ai_dien_to_chuc_tin_dung_,DoiTuongApDung,Văn phòng đại diện tổ chức tín dụng nước ngoài,Văn phòng đại diện tổ chức tín dụng nước ngoài,173695,rules_fallback,0.9,"NGÂN HÀNG NHÀ NƯỚC
VIỆT NAM
CỘNG HÒA XÃ HỘI CHỦ NGHĨA VIỆT NAM
Độc lập – Tự do – Hạnh phúc
Số: 56/2024/TT-NHNN
Hà Nội, ngày 24 tháng 12 năm 2024
THÔNG TƯ
Quy định
hồ sơ, thủ tục
cấp Giấy phép
lần đầu
của ngân hàng thương mại,
chi nhánh ngân hàng nước ngoài
,
văn phòng đại diện nước ngoài
_________________________
Căn cứ Luật Ngân hàng Nhà nước Việt Nam ngày 16 tháng 6 năm 2010;
Căn cứ Luật Các tổ chức tín dụng ngày 18 tháng 01 năm 2024;
Căn cứ Nghị định số
102/2022/NĐ-CP
ngày 12 tháng 12 năm 2022 của Chính phủ quy định chức năng, nhiệm vụ, quyền hạn và cơ cấu tổ chức của Ngân hàng Nhà nước Việt Nam;
Căn cứ
Nghị định
số 162/NĐ-CP ngày 20 tháng 12 năm 2024 của Chính phủ
quy định điều kiện cấp Giấy phép đối với quỹ tín dụng nhân dân, tổ chức tài chính vi mô và điều kiện đối với chủ sở hữu của
tổ chức tín dụng
là công ty trách nhiệm hữu hạn một thành viên, cổ đông sáng lập, thành viên sáng lập;
Theo đề nghị của Chánh Thanh tra, giám sát ngân hàng;
Thống đốc Ngân hàng Nhà nước Việt Nam ban hành Thông tư quy định
hồ sơ, thủ tục
cấp Giấy phép
lần đầu
của ngân hàng thương mại, chi nhánh ngân hàng nước ngoài, văn phòng đại diện nước
ngoài
."
DoiTuongApDung_to_chuc_tin_dung,DoiTuongApDung,Tổ chức tín dụng,Tổ chức tín dụng,173695,rules_fallback,0.9,"NGÂN HÀNG NHÀ NƯỚC
VIỆT NAM
CỘNG HÒA XÃ HỘI CHỦ NGHĨA VIỆT NAM
Độc lập – Tự do – Hạnh phúc
Số: 56/2024/TT-NHNN
Hà Nội, ngày 24 tháng 12 năm 2024
THÔNG TƯ
Quy định
hồ sơ, thủ tục
cấp Giấy phép
lần đầu
của ngân hàng thương mại,
chi nhánh ngân hàng nước ngoài
,
văn phòng đại diện nước ngoài
_________________________
Căn cứ Luật Ngân hàng Nhà nước Việt Nam ngày 16 tháng 6 năm 2010;
Căn cứ Luật Các tổ chức tín dụng ngày 18 tháng 01 năm 2024;
Căn cứ Nghị định số
102/2022/NĐ-CP
ngày 12 tháng 12 năm 2022 của Chính phủ quy định chức năng, nhiệm vụ, quyền hạn và cơ cấu tổ chức của Ngân hàng Nhà nước Việt Nam;
Căn cứ
Nghị định
số 162/NĐ-CP ngày 20 tháng 12 năm 2024 của Chính phủ
quy định điều kiện cấp Giấy phép đối với quỹ tín dụng nhân dân, tổ chức tài chính vi mô và điều kiện đối với chủ sở hữu của
tổ chức tín dụng
là công ty trách nhiệm hữu hạn một thành viên, cổ đông sáng lập, thành viên sáng lập;
Theo đề nghị của Chánh Thanh tra, giám sát ngân hàng;
Thống đốc Ngân hàng Nhà nước Việt Nam ban hành Thông tư quy định
hồ sơ, thủ tục
cấp Giấy phép
lần đầu
của ngân hàng thương mại, chi nhánh ngân hàng nước ngoài, văn phòng đại diện nước
ngoài
."
DoiTuongApDung_chi_nhanh_ngan_hang_nuoc_ngoai,DoiTuongApDung,Chi nhánh ngân hàng nước ngoài,Chi nhánh ngân hàng nước ngoài,44209,rules_fallback,0.9,"NGÂN HÀNG NHÀ NƯỚC
VIỆT NAM
-------
CỘNG HÒA XÃ HỘI CHỦ NGHĨA VIỆT NAM
Độc lập - Tự do - Hạnh phúc
---------------
Số: 01/2014/TT-NHNN
Hà Nội, ngày 06 tháng 01 năm 2014
THÔNG TƯ
Quy định về giao nhận, bảo quản, vận chuyển
tiền mặt, tài sản quý, giấy tờ có giá
Căn cứ
Luật Ngân hàng Nhà nước Việt Nam số 46/2010/QH12 ngày 16 tháng 6 năm 2010;
Căn cứ
Luật Các tổ chức tín dụng số 47/2010/QH12 ngày 16 tháng 6 năm 2010;
Căn cứ Nghị định số
156/2013/NĐ-CP ngày 11 tháng 11 năm 2013 của Chính phủ quy định chức năng, nhiệm vụ, quyền hạn và cơ cấu tổ chức của Ngân hàng Nhà nước Việt Nam;
Căn cứ Nghị định số
40/2012/NĐ-CP ngày 02 tháng 5 năm 2012 của Chính phủ về nghiệp vụ phát hành tiền; bảo quản, vận chuyển tài sản quý và giấy tờ có giá trong hệ thống Ngân hàng Nhà nước, tổ chức tín dụng và chi nhánh ngân hàng nước ngoài;
Theo đề nghị của Cục trưởng Cục Phát hành và Kho quỹ;
Thống đốc Ngân hàng Nhà nước Việt Nam ban hành Thông tư quy định về giao nhận, bảo quản, vận chuyển tiền mặt, tài sản quý, giấy tờ có giá."
DoiTuongApDung_ngan_hang_thuong_mai,DoiTuongApDung,Ngân hàng thương mại,Ngân hàng thương mại,117310,rules_fallback,0.9,"Đối tượng áp dụng gồm:
a) Ngân hàng: Ngân hàng thương mại nhà nước, ngân hàng thương mại cổ phần, ngân hàng liên doanh, ngân hàng 100% vốn nước ngoài;
b) Chi nhánh ngân hàng nước ngoài."
DoiTuongApDung_to_chuc_tin_dung,DoiTuongApDung,Tổ chức tín dụng,Tổ chức tín dụng,117310,rules_fallback,0.9,"NGÂN HÀNG NHÀ NƯỚC VIỆT NAM
CỘNG HÒA XÃ HỘI CHỦ NGHĨA VIỆT NAM
Độc lập – Tự do – Hạnh phúc
Số: 41/2016/TT-NHNN
Hà Nội, Ngày 30 tháng 12 năm 2016
THÔNG TƯ
Quy định tỷ lệ an toàn vốn đối với
ngân hàng, chi nhánh ngân hàng nước ngoài
Căn cứ Luật Ngân hàng Nhà nước Việt Nam số
46/2010/QH12
ngày 16 tháng 6 năm 2010;
Căn cứ Luật các tổ chức tín dụng số
47/2010/QH12
ngày 16 tháng 6 năm 2010;
Căn cứ Nghị định số
156/2013/NĐ-CP
ngày 11 tháng 11 năm 2013 của Chính phủ quy định chức năng, nhiệm vụ, quyền hạn và cơ cấu tổ chức của Ngân hàng Nhà nước Việt Nam;
Theo đề nghị của Chánh Thanh tra, giám sát ngân hàng;
Thống đốc Ngân hàng Nhà nước Việt Nam (sau đây gọi là Ngân hàng Nhà nước) ban hành Thông tư quy định tỷ lệ an toàn vốn đối với ngân hàng, chi nhánh ngân hàng nước ngoài."
DoiTuongApDung_quy_tin_dung_nhan_dan,DoiTuongApDung,Quỹ tín dụng nhân dân,Quỹ tín dụng nhân dân,6e689cd0-6f81-11f1-94d6-fd5d6d5ff793,rules_fallback,0.9,"Căn cứ Luật Ngân hàng Nhà nước Việt Nam ngày 16 tháng 6 năm 2010;
Căn cứ Luật Các tổ chức tín dụng ngày 18 tháng 01 năm 2024;
Căn cứ Nghị định số 102/2022/NĐ-CP ngày 12 tháng 12 năm 2022 của Chính phủ quy định chức năng, nhiệm vụ, quyền hạn và cơ cấu tổ chức của Ngân hàng Nhà nước Việt Nam;
Căn cứ Nghị định số 162/NĐ-CP ngày 20 tháng 12 năm 2024 của Chính phủ quy định điều kiện cấp Giấy phép đối với quỹ tín dụng nhân dân, tổ chức tài chính vi mô và điều kiện đối với chủ sở hữu của tổ chức tín dụng là công ty trách nhiệm hữu hạn một thành viên, cổ đông sáng lập, thành viên sáng lập;
Theo đề nghị của Chánh Thanh tra, giám sát ngân hàng;
Thống đốc Ngân hàng Nhà nước Việt Nam ban hành Thông tư quy định hồ sơ, thủ tục cấp Giấy phép lần đầu của ngân hàng thương mại, chi nhánh ngân hàng nước ngoài, văn phòng đại diện nước ngoài
,
."
DoiTuongApDung_to_chuc_tin_dung,DoiTuongApDung,Tổ chức tín dụng,Tổ chức tín dụng,6e689cd0-6f81-11f1-94d6-fd5d6d5ff793,rules_fallback,0.9,"Thông tư số 12/2025/TT-NHNN ngày 30 tháng 6 năm 2025 của Thống đốc Ngân hàng Nhà nước Việt Nam sửa đổi, bổ sung một số điều của các Thông tư quy định hồ sơ, thủ tục cấp Giấy phép lần đầu của ngân hàng thương mại, chi nhánh ngân hàng nước ngoài, văn phòng đại diện nước ngoài, tổ chức tín dụng phi ngân hàng, có hiệu lực từ ngày 14 tháng 8 năm 2025."
DoiTuongApDung_ngan_hang_hop_tac_xa,DoiTuongApDung,Ngân hàng hợp tác xã,Ngân hàng hợp tác xã,186888,rules_fallback,0.9,"Tổ chức tín dụng là hợp tác xã bao gồm ngân hàng hợp tác xã, quỹ tín dụng nhân dân."
DoiTuongApDung_to_chuc_tin_dung,DoiTuongApDung,Tổ chức tín dụng,Tổ chức tín dụng,174218,rules_fallback,0.9,"NGÂN HÀNG NHÀ NƯỚC VIỆT NAM
CỘNG HÒA XÃ HỘI CHỦ NGHĨA VIỆT NAM
Độc lập – Tự do – Hạnh phúc
Số: 62/2024/TT-NHNN
Hà Nội, ngày 31 tháng 12 năm 2024
THÔNG TƯ
Quy định điều kiện, hồ sơ, thủ tục chấp thuận việc tổ chức lại
ngân hàng thương mại, tổ chức tín dụng phi ngân hàng
Căn cứ Luật Ngân hàng Nhà nước Việt Nam ngày 16 tháng 6 năm 2010;
Căn cứ Luật Các tổ chức tín dụng ngày 18 tháng 01 năm 2024;
Căn cứ Luật Doanh nghiệp ngày 17 tháng 06 năm 2020;
Căn cứ Luật Cạnh tranh ngày 12 tháng 6 năm 2018;
Căn cứ Nghị định số
102/2022/NĐ-CP
ngày 12 tháng 12 năm 2022 của Chính phủ quy định chức năng, nhiệm vụ, quyền hạn và cơ cấu tổ chức của Ngân hàng Nhà nước Việt Nam;
Theo đề nghị của Chánh Thanh tra, giám sát ngân hàng;
Thống đốc Ngân hàng Nhà nước Việt Nam ban hành Thông tư quy định điều kiện, hồ sơ, thủ tục chấp thuận việc tổ chức lại ngân hàng thương mại, tổ chức tín dụng phi ngân hàng."
DoiTuongApDung_to_chuc_tin_dung,DoiTuongApDung,Tổ chức tín dụng,Tổ chức tín dụng,186888,rules_fallback,0.9,"Document Content
NGÂN HÀNG NHÀ NƯỚC
VIỆT NAM
_________
Số: 62/2025/TT-NHNN
CỘNG HÒA XÃ HỘI CHỦ NGHĨA VIỆT NAM
Độc lập - Tự do - Hạnh phúc
________________________
Hà Nội, ngày 31 tháng 12 năm 2025
THÔNG TƯ
Quy định về hệ thống kiểm soát nội bộ của tổ chức tín dụng là hợp tác xã,
tổ chức tài chính vi mô
Căn cứ Luật Ngân hàng Nhà nước Việt Nam số 46/2010/QH12;
Căn cứ Luật Các tổ chức tín dụng số 32/2024/QH15 được sửa đổi, bổ sung bởi Luật số 96/2025/QH15;
Căn cứ Nghị định số 26/2025/NĐ-CP của Chính phủ quy định chức năng, nhiệm vụ, quyền hạn và cơ cấu tổ chức của Ngân hàng Nhà nước Việt Nam;
Theo đề nghị của Cục trưởng Cục An toàn hệ thống các tổ chức tín dụng;
Thống đốc Ngân hàng Nhà nước Việt Nam ban hành Thông tư quy định về hệ thống kiểm soát nội bộ của tổ chức tín dụng là hợp tác xã, tổ chức tài chính vi mô."
DoiTuongApDung_ngan_hang_thuong_mai,DoiTuongApDung,Ngân hàng thương mại,Ngân hàng thương mại,174218,rules_fallback,0.9,"NGÂN HÀNG NHÀ NƯỚC VIỆT NAM
CỘNG HÒA XÃ HỘI CHỦ NGHĨA VIỆT NAM
Độc lập – Tự do – Hạnh phúc
Số: 62/2024/TT-NHNN
Hà Nội, ngày 31 tháng 12 năm 2024
THÔNG TƯ
Quy định điều kiện, hồ sơ, thủ tục chấp thuận việc tổ chức lại
ngân hàng thương mại, tổ chức tín dụng phi ngân hàng
Căn cứ Luật Ngân hàng Nhà nước Việt Nam ngày 16 tháng 6 năm 2010;
Căn cứ Luật Các tổ chức tín dụng ngày 18 tháng 01 năm 2024;
Căn cứ Luật Doanh nghiệp ngày 17 tháng 06 năm 2020;
Căn cứ Luật Cạnh tranh ngày 12 tháng 6 năm 2018;
Căn cứ Nghị định số
102/2022/NĐ-CP
ngày 12 tháng 12 năm 2022 của Chính phủ quy định chức năng, nhiệm vụ, quyền hạn và cơ cấu tổ chức của Ngân hàng Nhà nước Việt Nam;
Theo đề nghị của Chánh Thanh tra, giám sát ngân hàng;
Thống đốc Ngân hàng Nhà nước Việt Nam ban hành Thông tư quy định điều kiện, hồ sơ, thủ tục chấp thuận việc tổ chức lại ngân hàng thương mại, tổ chức tín dụng phi ngân hàng."
DoiTuongApDung_quy_tin_dung_nhan_dan,DoiTuongApDung,Quỹ tín dụng nhân dân,Quỹ tín dụng nhân dân,173695,rules_fallback,0.9,"NGÂN HÀNG NHÀ NƯỚC
VIỆT NAM
CỘNG HÒA XÃ HỘI CHỦ NGHĨA VIỆT NAM
Độc lập – Tự do – Hạnh phúc
Số: 56/2024/TT-NHNN
Hà Nội, ngày 24 tháng 12 năm 2024
THÔNG TƯ
Quy định
hồ sơ, thủ tục
cấp Giấy phép
lần đầu
của ngân hàng thương mại,
chi nhánh ngân hàng nước ngoài
,
văn phòng đại diện nước ngoài
_________________________
Căn cứ Luật Ngân hàng Nhà nước Việt Nam ngày 16 tháng 6 năm 2010;
Căn cứ Luật Các tổ chức tín dụng ngày 18 tháng 01 năm 2024;
Căn cứ Nghị định số
102/2022/NĐ-CP
ngày 12 tháng 12 năm 2022 của Chính phủ quy định chức năng, nhiệm vụ, quyền hạn và cơ cấu tổ chức của Ngân hàng Nhà nước Việt Nam;
Căn cứ
Nghị định
số 162/NĐ-CP ngày 20 tháng 12 năm 2024 của Chính phủ
quy định điều kiện cấp Giấy phép đối với quỹ tín dụng nhân dân, tổ chức tài chính vi mô và điều kiện đối với chủ sở hữu của
tổ chức tín dụng
là công ty trách nhiệm hữu hạn một thành viên, cổ đông sáng lập, thành viên sáng lập;
Theo đề nghị của Chánh Thanh tra, giám sát ngân hàng;
Thống đốc Ngân hàng Nhà nước Việt Nam ban hành Thông tư quy định
hồ sơ, thủ tục
cấp Giấy phép
lần đầu
của ngân hàng thương mại, chi nhánh ngân hàng nước ngoài, văn phòng đại diện nước
ngoài
."
DoiTuongApDung_chi_nhanh_ngan_hang_nuoc_ngoai,DoiTuongApDung,Chi nhánh ngân hàng nước ngoài,Chi nhánh ngân hàng nước ngoài,173695,rules_fallback,0.9,"NGÂN HÀNG NHÀ NƯỚC
VIỆT NAM
CỘNG HÒA XÃ HỘI CHỦ NGHĨA VIỆT NAM
Độc lập – Tự do – Hạnh phúc
Số: 56/2024/TT-NHNN
Hà Nội, ngày 24 tháng 12 năm 2024
THÔNG TƯ
Quy định
hồ sơ, thủ tục
cấp Giấy phép
lần đầu
của ngân hàng thương mại,
chi nhánh ngân hàng nước ngoài
,
văn phòng đại diện nước ngoài
_________________________
Căn cứ Luật Ngân hàng Nhà nước Việt Nam ngày 16 tháng 6 năm 2010;
Căn cứ Luật Các tổ chức tín dụng ngày 18 tháng 01 năm 2024;
Căn cứ Nghị định số
102/2022/NĐ-CP
ngày 12 tháng 12 năm 2022 của Chính phủ quy định chức năng, nhiệm vụ, quyền hạn và cơ cấu tổ chức của Ngân hàng Nhà nước Việt Nam;
Căn cứ
Nghị định
số 162/NĐ-CP ngày 20 tháng 12 năm 2024 của Chính phủ
quy định điều kiện cấp Giấy phép đối với quỹ tín dụng nhân dân, tổ chức tài chính vi mô và điều kiện đối với chủ sở hữu của
tổ chức tín dụng
là công ty trách nhiệm hữu hạn một thành viên, cổ đông sáng lập, thành viên sáng lập;
Theo đề nghị của Chánh Thanh tra, giám sát ngân hàng;
Thống đốc Ngân hàng Nhà nước Việt Nam ban hành Thông tư quy định
hồ sơ, thủ tục
cấp Giấy phép
lần đầu
của ngân hàng thương mại, chi nhánh ngân hàng nước ngoài, văn phòng đại diện nước
ngoài
."
DoiTuongApDung_chi_nhanh_ngan_hang_nuoc_ngoai,DoiTuongApDung,Chi nhánh ngân hàng nước ngoài,Chi nhánh ngân hàng nước ngoài,186482,rules_fallback,0.9,"Công ty Quản lý tài sản phát hành trái phiếu, trái phiếu đặc biệt để thanh toán cho các tổ chức tín dụng, chi nhánh ngân hàng nước ngoài bán nợ khi mua nợ xấu của các tổ chức tín dụng, chi nhánh ngân hàng nước ngoài."
LinhVuc_bao_hiem,LinhVuc,Bảo hiểm,Bảo hiểm,112924,rules_fallback,0.9,Chứa từ khóa 'bảo hiểm'
DoiTuongApDung_cong_ty_quan_ly_quy,DoiTuongApDung,Công ty quản lý quỹ,Công ty quản lý quỹ,112924,rules_fallback,0.9,"Phạm vi điều chỉnh
Thông tư này quy định về hoạt động tự doanh đầu tư gián tiếp ra nước ngoài của tổ chức kinh doanh chứng khoán, quỹ đầu tư chứng khoán, công ty đầu tư chứng khoán, doanh nghiệp kinh doanh bảo hiểm và hoạt động nhận ủy thác đầu tư gián tiếp ra nước ngoài của công ty quản lý quỹ."
DoiTuongApDung_cong_ty_chung_khoan,DoiTuongApDung,Công ty chứng khoán,Công ty chứng khoán,112924,rules_fallback,0.9,"Tổ chức kinh doanh chứng khoán bao gồm công ty chứng khoán, công ty quản lý quỹ được thành lập và hoạt động theo pháp luật Việt Nam."
DoiTuongApDung_doanh_nghiep_bao_hiem,DoiTuongApDung,Doanh nghiệp bảo hiểm,Doanh nghiệp bảo hiểm,112924,rules_fallback,0.9,"Doanh nghiệp kinh doanh bảo hiểm là doanh nghiệp bảo hiểm nhân thọ, doanh nghiệp bảo hiểm phi nhân thọ, doanh nghiệp bảo hiểm sức khỏe, doanh nghiệp tái bảo hiểm."
DoiTuongApDung_to_chuc_tin_dung,DoiTuongApDung,Tổ chức tín dụng,Tổ chức tín dụng,25692,rules_fallback,0.9,"Ngân hàng Nhà nước thực hiện chức năng quản lý nhà nước về tiền tệ, hoạt động ngân hàng và ngoại hối (sau đây gọi là tiền tệ và ngân hàng); thực hiện chức năng của Ngân hàng trung ương về phát hành tiền, ngân hàng của các tổ chức tín dụng và cung ứng dịch vụ tiền tệ cho Chính phủ."
DoiTuongApDung_quy_tin_dung_nhan_dan,DoiTuongApDung,Quỹ tín dụng nhân dân,Quỹ tín dụng nhân dân,177271,rules_fallback,0.9,"NGÂN HÀNG NHÀ NƯỚC VIỆT NAM
CỘNG HÒA XÃ HỘI CHỦ NGHĨA VIỆT NAM
Độc lập – Tự do – Hạnh phúc
Số: 01/2025/TT-NHNN
Hà Nội, ngày 29 tháng 4 năm 2025
THÔNG TƯ
Quy định
về
cấp Giấy phép lần đầu, cấp đổi
Giấy phép của quỹ tín dụng nhân dân
______________________
Căn cứ Luật Ngân hàng Nhà nước Việt Nam ngày 16 tháng 6 năm 2010;
Căn cứ Luật Các tổ chức tín dụng ngày 18 tháng 01 năm 2024;
Căn cứ Luật Hợp tác xã ngày
20
tháng 6 năm 2023;
Căn cứ Nghị định số 2
6
/202
5
/NĐ-CP
ngày 2
4
tháng
0
2 năm 202
5
của Chính phủ quy định chức năng, nhiệm vụ, quyền hạn và cơ cấu tổ chức của Ngân hàng Nhà nước Việt Nam;
Căn cứ Nghị định số
162
/202
4
/NĐ-CP ngày
20
tháng
1
2 năm 202
4
của Chính phủ quy định
điều kiện cấp Giấy phép đối với quỹ tín dụng nhân dân, tổ chức tài chính vi mô và điều kiện đối với chủ sở hữu của tổ chức tín dụng là công ty trách nhiệm hữu hạn một thành viên, cổ đông sáng lập, thành viên sáng lập
;
Theo đề nghị của
Cục trưởng Cục An toàn hệ thống các tổ chức tín dụng
;
Thống đốc Ngân hàng Nhà nước Việt Nam ban hành Thông tư quy định về
cấp Giấy phép lần đầu, cấp đổi Giấy phép của quỹ tín dụng nhân dân."
LinhVuc_bao_hiem,LinhVuc,Bảo hiểm,Bảo hiểm,166269,rules_fallback,0.9,Chứa từ khóa 'bảo hiểm'
DoiTuongApDung_to_chuc_tin_dung,DoiTuongApDung,Tổ chức tín dụng,Tổ chức tín dụng,177271,rules_fallback,0.9,"NGÂN HÀNG NHÀ NƯỚC VIỆT NAM
CỘNG HÒA XÃ HỘI CHỦ NGHĨA VIỆT NAM
Độc lập – Tự do – Hạnh phúc
Số: 01/2025/TT-NHNN
Hà Nội, ngày 29 tháng 4 năm 2025
THÔNG TƯ
Quy định
về
cấp Giấy phép lần đầu, cấp đổi
Giấy phép của quỹ tín dụng nhân dân
______________________
Căn cứ Luật Ngân hàng Nhà nước Việt Nam ngày 16 tháng 6 năm 2010;
Căn cứ Luật Các tổ chức tín dụng ngày 18 tháng 01 năm 2024;
Căn cứ Luật Hợp tác xã ngày
20
tháng 6 năm 2023;
Căn cứ Nghị định số 2
6
/202
5
/NĐ-CP
ngày 2
4
tháng
0
2 năm 202
5
của Chính phủ quy định chức năng, nhiệm vụ, quyền hạn và cơ cấu tổ chức của Ngân hàng Nhà nước Việt Nam;
Căn cứ Nghị định số
162
/202
4
/NĐ-CP ngày
20
tháng
1
2 năm 202
4
của Chính phủ quy định
điều kiện cấp Giấy phép đối với quỹ tín dụng nhân dân, tổ chức tài chính vi mô và điều kiện đối với chủ sở hữu của tổ chức tín dụng là công ty trách nhiệm hữu hạn một thành viên, cổ đông sáng lập, thành viên sáng lập
;
Theo đề nghị của
Cục trưởng Cục An toàn hệ thống các tổ chức tín dụng
;
Thống đốc Ngân hàng Nhà nước Việt Nam ban hành Thông tư quy định về
cấp Giấy phép lần đầu, cấp đổi Giấy phép của quỹ tín dụng nhân dân."
LinhVuc_bao_hiem,LinhVuc,Bảo hiểm,Bảo hiểm,25692,rules_fallback,0.9,Chứa từ khóa 'bảo hiểm'
DoiTuongApDung_to_chuc_tin_dung,DoiTuongApDung,Tổ chức tín dụng,Tổ chức tín dụng,185630,rules_fallback,0.9,"NGÂN HÀNG NHÀ NƯỚC
VIỆT NAM
CỘNG HÒA XÃ HỘI CHỦ NGHĨA VIỆT NAM
Độc lập - Tự do - Hạnh phúc
Số: 63/2025/TT-NHNN
Hà Nội, ngày 31 tháng 12 năm 2025
THÔNG TƯ
Sửa đổi, bổ sung một số điều của một số Thông tư
về quỹ tín dụng nhân dân
Căn cứ Luật Ngân hàng Nhà nước Việt Nam số 46/2010/QH12;
Căn cứ Luật Các tổ chức tín dụng số 32/2024/QH15 được sửa đổi, bổ sung bởi Luật số 96/2025/QH15;
Căn cứ Luật Hợp tác xã số 17/2023/QH15;
Căn cứ Nghị định số 26/2025/NĐ-CP của Chính phủ quy định chức năng, nhiệm vụ, quyền hạn và cơ cấu tổ chức của Ngân hàng Nhà nước Việt Nam;
Theo đề nghị của Cục trưởng Cục An toàn hệ thống các tổ chức tín dụng;
Thống đốc Ngân hàng Nhà nước Việt Nam ban hành Thông tư
sửa đổi, bổ sung một số điều của một số Thông tư về quỹ tín dụng nhân dân."
DoiTuongApDung_quy_tin_dung_nhan_dan,DoiTuongApDung,Quỹ tín dụng nhân dân,Quỹ tín dụng nhân dân,185630,rules_fallback,0.9,"NGÂN HÀNG NHÀ NƯỚC
VIỆT NAM
CỘNG HÒA XÃ HỘI CHỦ NGHĨA VIỆT NAM
Độc lập - Tự do - Hạnh phúc
Số: 63/2025/TT-NHNN
Hà Nội, ngày 31 tháng 12 năm 2025
THÔNG TƯ
Sửa đổi, bổ sung một số điều của một số Thông tư
về quỹ tín dụng nhân dân
Căn cứ Luật Ngân hàng Nhà nước Việt Nam số 46/2010/QH12;
Căn cứ Luật Các tổ chức tín dụng số 32/2024/QH15 được sửa đổi, bổ sung bởi Luật số 96/2025/QH15;
Căn cứ Luật Hợp tác xã số 17/2023/QH15;
Căn cứ Nghị định số 26/2025/NĐ-CP của Chính phủ quy định chức năng, nhiệm vụ, quyền hạn và cơ cấu tổ chức của Ngân hàng Nhà nước Việt Nam;
Theo đề nghị của Cục trưởng Cục An toàn hệ thống các tổ chức tín dụng;
Thống đốc Ngân hàng Nhà nước Việt Nam ban hành Thông tư
sửa đổi, bổ sung một số điều của một số Thông tư về quỹ tín dụng nhân dân."
DoiTuongApDung_ngan_hang_hop_tac_xa,DoiTuongApDung,Ngân hàng hợp tác xã,Ngân hàng hợp tác xã,185630,rules_fallback,0.9,"Sửa đổi, bổ sung điểm d khoản 2 Điều 25
“d) Định kỳ hằng quý, nộp lại sổ tiết kiệm trắng không sử dụng được cho ngân hàng hợp tác xã và mở sổ theo dõi;”."
DoiTuongApDung_to_chuc_tin_dung,DoiTuongApDung,Tổ chức tín dụng,Tổ chức tín dụng,44209,rules_fallback,0.9,"NGÂN HÀNG NHÀ NƯỚC
VIỆT NAM
-------
CỘNG HÒA XÃ HỘI CHỦ NGHĨA VIỆT NAM
Độc lập - Tự do - Hạnh phúc
---------------
Số: 01/2014/TT-NHNN
Hà Nội, ngày 06 tháng 01 năm 2014
THÔNG TƯ
Quy định về giao nhận, bảo quản, vận chuyển
tiền mặt, tài sản quý, giấy tờ có giá
Căn cứ
Luật Ngân hàng Nhà nước Việt Nam số 46/2010/QH12 ngày 16 tháng 6 năm 2010;
Căn cứ
Luật Các tổ chức tín dụng số 47/2010/QH12 ngày 16 tháng 6 năm 2010;
Căn cứ Nghị định số
156/2013/NĐ-CP ngày 11 tháng 11 năm 2013 của Chính phủ quy định chức năng, nhiệm vụ, quyền hạn và cơ cấu tổ chức của Ngân hàng Nhà nước Việt Nam;
Căn cứ Nghị định số
40/2012/NĐ-CP ngày 02 tháng 5 năm 2012 của Chính phủ về nghiệp vụ phát hành tiền; bảo quản, vận chuyển tài sản quý và giấy tờ có giá trong hệ thống Ngân hàng Nhà nước, tổ chức tín dụng và chi nhánh ngân hàng nước ngoài;
Theo đề nghị của Cục trưởng Cục Phát hành và Kho quỹ;
Thống đốc Ngân hàng Nhà nước Việt Nam ban hành Thông tư quy định về giao nhận, bảo quản, vận chuyển tiền mặt, tài sản quý, giấy tờ có giá."
DoiTuongApDung_to_chuc_tin_dung,DoiTuongApDung,Tổ chức tín dụng,Tổ chức tín dụng,26750,rules_fallback,0.5,Default fallback: Đọc hiểu văn bản luật tài chính ngân hàng.
DoiTuongApDung_to_chuc_tin_dung,DoiTuongApDung,Tổ chức tín dụng,Tổ chức tín dụng,150974,rules_fallback,0.5,Default fallback: Đọc hiểu văn bản luật tài chính ngân hàng.
DoiTuongApDung_to_chuc_tin_dung,DoiTuongApDung,Tổ chức tín dụng,Tổ chức tín dụng,30402,rules_fallback,0.5,Default fallback: Đọc hiểu văn bản luật tài chính ngân hàng.
DoiTuongApDung_to_chuc_tin_dung,DoiTuongApDung,Tổ chức tín dụng,Tổ chức tín dụng,169221,rules_fallback,0.5,Default fallback: Đọc hiểu văn bản luật tài chính ngân hàng.
DoiTuongApDung_to_chuc_tin_dung,DoiTuongApDung,Tổ chức tín dụng,Tổ chức tín dụng,143217,rules_fallback,0.5,Default fallback: Đọc hiểu văn bản luật tài chính ngân hàng.
NguoiKy_chua_xac_inh,NguoiKy,Chưa xác định,Chưa xác định,143217,rules_fallback,0.5,Default fallback
DoiTuongApDung_to_chuc_tin_dung,DoiTuongApDung,Tổ chức tín dụng,Tổ chức tín dụng,166269,rules_fallback,0.5,Default fallback: Đọc hiểu văn bản luật tài chính ngân hàng.
